date,open,high,low,close,volume
2025-04-30,3.26E+14,3.26E+14,3.26E+14,3.26E+14,0
2025-04-29,3.26E+14,3.26E+14,3.26E+14,3.26E+14,0
2025-04-28,3.26E+14,3.26E+14,3.26E+14,3.26E+14,0
2025-04-27,3.26E+14,3.26E+14,3.26E+14,3.26E+14,0
2025-04-26,3.26E+14,3.26E+14,3.26E+14,3.26E+14,0
2025-04-25,3.26E+14,3.26E+14,3.26E+14,3.26E+14,0
2025-04-24,3.26E+14,3.26E+14,3.26E+14,3.26E+14,0
2025-04-23,3.26E+14,3.26E+14,3.26E+14,3.26E+14,0
2025-04-22,3.26E+14,3.26E+14,3.26E+14,3.26E+14,0
2025-04-21,3.26E+14,3.26E+14,3.26E+14,3.26E+14,0
2025-04-20,3.26E+14,3.26E+14,3.26E+14,3.26E+14,0
2025-04-19,3.26E+14,3.26E+14,3.26E+14,3.26E+14,0
2025-04-18,3.26E+14,3.26E+14,3.26E+14,3.26E+14,0
2025-04-17,3.26E+14,3.26E+14,3.26E+14,3.26E+14,0
2025-04-16,3.26E+14,3.26E+14,3.26E+14,3.26E+14,0
2025-04-15,3.26E+14,3.26E+14,3.26E+14,3.26E+14,0
2025-04-14,3.26E+14,3.26E+14,3.26E+14,3.26E+14,0
2025-04-13,3.26E+14,3.26E+14,3.26E+14,3.26E+14,0
2025-04-12,3.26E+14,3.26E+14,3.26E+14,3.26E+14,0
2025-04-11,3.26E+14,3.26E+14,3.26E+14,3.26E+14,0
2025-04-10,3.26E+14,3.26E+14,3.26E+14,3.26E+14,0
2025-04-09,3.26E+14,3.26E+14,3.26E+14,3.26E+14,0
2025-04-08,3.26E+14,3.26E+14,3.26E+14,3.26E+14,0
2025-04-07,3.26E+14,3.26E+14,3.26E+14,3.26E+14,0
2025-04-06,3.26E+14,3.26E+14,3.26E+14,3.26E+14,0
2025-04-05,3.26E+14,3.26E+14,3.26E+14,3.26E+14,0
2025-04-04,3.26E+14,3.26E+14,3.26E+14,3.26E+14,0
2025-04-03,3.26E+14,3.26E+14,3.26E+14,3.26E+14,0
2025-04-02,3.26E+14,3.26E+14,3.26E+14,3.26E+14,0
2025-04-01,3.26E+14,3.26E+14,3.26E+14,3.26E+14,0
2025-03-31,3.21E+14,3.21E+14,3.21E+14,3.21E+14,0
2025-03-30,3.21E+14,3.21E+14,3.21E+14,3.21E+14,0
2025-03-29,3.21E+14,3.21E+14,3.21E+14,3.21E+14,0
2025-03-28,3.21E+14,3.21E+14,3.21E+14,3.21E+14,0
2025-03-27,3.21E+14,3.21E+14,3.21E+14,3.21E+14,0
2025-03-26,3.21E+14,3.21E+14,3.21E+14,3.21E+14,0
2025-03-25,3.21E+14,3.21E+14,3.21E+14,3.21E+14,0
2025-03-24,3.21E+14,3.21E+14,3.21E+14,3.21E+14,0
2025-03-23,3.21E+14,3.21E+14,3.21E+14,3.21E+14,0
2025-03-22,3.21E+14,3.21E+14,3.21E+14,3.21E+14,0
2025-03-21,3.21E+14,3.21E+14,3.21E+14,3.21E+14,0
2025-03-20,3.21E+14,3.21E+14,3.21E+14,3.21E+14,0
2025-03-19,3.21E+14,3.21E+14,3.21E+14,3.21E+14,0
2025-03-18,3.21E+14,3.21E+14,3.21E+14,3.21E+14,0
2025-03-17,3.21E+14,3.21E+14,3.21E+14,3.21E+14,0
2025-03-16,3.21E+14,3.21E+14,3.21E+14,3.21E+14,0
2025-03-15,3.21E+14,3.21E+14,3.21E+14,3.21E+14,0
2025-03-14,3.21E+14,3.21E+14,3.21E+14,3.21E+14,0
2025-03-13,3.18E+14,3.18E+14,3.18E+14,3.18E+14,0
2025-03-12,3.18E+14,3.18E+14,3.18E+14,3.18E+14,0
2025-03-11,3.18E+14,3.18E+14,3.18E+14,3.18E+14,0
2025-03-10,3.18E+14,3.18E+14,3.18E+14,3.18E+14,0
2025-03-09,3.18E+14,3.18E+14,3.18E+14,3.18E+14,0
2025-03-08,3.18E+14,3.18E+14,3.18E+14,3.18E+14,0
2025-03-07,3.18E+14,3.18E+14,3.18E+14,3.18E+14,0
2025-03-06,3.18E+14,3.18E+14,3.18E+14,3.18E+14,0
2025-03-05,3.18E+14,3.18E+14,3.18E+14,3.18E+14,0
2025-03-04,3.18E+14,3.18E+14,3.18E+14,3.18E+14,0
2025-03-03,3.18E+14,3.18E+14,3.18E+14,3.18E+14,0
2025-03-02,3.18E+14,3.18E+14,3.18E+14,3.18E+14,0
2025-03-01,3.18E+14,3.18E+14,3.18E+14,3.18E+14,0
2025-02-28,3.18E+14,3.18E+14,3.18E+14,3.18E+14,0
2025-02-27,3.18E+14,3.18E+14,3.18E+14,3.18E+14,0
2025-02-26,3.18E+14,3.18E+14,3.18E+14,3.18E+14,0
2025-02-25,3.18E+14,3.18E+14,3.18E+14,3.18E+14,0
2025-02-24,3.18E+14,3.18E+14,3.18E+14,3.18E+14,0
2025-02-23,3.18E+14,3.18E+14,3.18E+14,3.18E+14,0
2025-02-22,3.18E+14,3.18E+14,3.18E+14,3.18E+14,0
2025-02-21,3.18E+14,3.18E+14,3.18E+14,3.18E+14,0
2025-02-20,3.18E+14,3.18E+14,3.18E+14,3.18E+14,0
2025-02-19,3.18E+14,3.18E+14,3.18E+14,3.18E+14,0
2025-02-18,3.18E+14,3.18E+14,3.18E+14,3.18E+14,0
2025-02-17,3.18E+14,3.18E+14,3.18E+14,3.18E+14,0
2025-02-16,3.18E+14,3.18E+14,3.18E+14,3.18E+14,0
2025-02-15,3.18E+14,3.18E+14,3.18E+14,3.18E+14,0
2025-02-14,3.18E+14,3.18E+14,3.18E+14,3.18E+14,0
2025-02-13,3.14E+14,3.14E+14,3.14E+14,3.14E+14,0
2025-02-12,3.14E+14,3.14E+14,3.14E+14,3.14E+14,0
2025-02-11,3.14E+14,3.14E+14,3.14E+14,3.14E+14,0
2025-02-10,3.14E+14,3.14E+14,3.14E+14,3.14E+14,0
2025-02-09,3.14E+14,3.14E+14,3.14E+14,3.14E+14,0
2025-02-08,3.14E+14,3.14E+14,3.14E+14,3.14E+14,0
2025-02-07,3.14E+14,3.14E+14,3.14E+14,3.14E+14,0
2025-02-06,3.14E+14,3.14E+14,3.14E+14,3.14E+14,0
2025-02-05,3.14E+14,3.14E+14,3.14E+14,3.14E+14,0
2025-02-04,3.14E+14,3.14E+14,3.14E+14,3.14E+14,0
2025-02-03,3.14E+14,3.14E+14,3.14E+14,3.14E+14,0
2025-02-02,3.14E+14,3.14E+14,3.14E+14,3.14E+14,0
2025-02-01,3.14E+14,3.14E+14,3.14E+14,3.14E+14,0
2025-01-31,3.14E+14,3.14E+14,3.14E+14,3.14E+14,0
2025-01-30,3.14E+14,3.14E+14,3.14E+14,3.14E+14,0
2025-01-29,3.14E+14,3.14E+14,3.14E+14,3.14E+14,0
2025-01-28,3.14E+14,3.14E+14,3.14E+14,3.14E+14,0
2025-01-27,3.14E+14,3.14E+14,3.14E+14,3.14E+14,0
2025-01-26,3.14E+14,3.14E+14,3.14E+14,3.14E+14,0
2025-01-25,3.14E+14,3.14E+14,3.14E+14,3.14E+14,0
2025-01-24,3.14E+14,3.14E+14,3.14E+14,3.14E+14,0
2025-01-23,3.14E+14,3.14E+14,3.14E+14,3.14E+14,0
2025-01-22,3.14E+14,3.14E+14,3.14E+14,3.14E+14,0
2025-01-21,3.14E+14,3.14E+14,3.14E+14,3.14E+14,0
2025-01-20,3.14E+14,3.14E+14,3.14E+14,3.14E+14,0
2025-01-19,3.14E+14,3.14E+14,3.14E+14,3.14E+14,0
2025-01-18,3.14E+14,3.14E+14,3.14E+14,3.14E+14,0
2025-01-17,3.14E+14,3.14E+14,3.14E+14,3.14E+14,0
2025-01-16,3.14E+14,3.14E+14,3.14E+14,3.14E+14,0
2025-01-15,3.14E+14,3.14E+14,3.14E+14,3.14E+14,0
2025-01-14,3.14E+14,3.14E+14,3.14E+14,3.14E+14,0
2025-01-13,3.12E+14,3.12E+14,3.12E+14,3.12E+14,0
2025-01-12,3.12E+14,3.12E+14,3.12E+14,3.12E+14,0
2025-01-11,3.12E+14,3.12E+14,3.12E+14,3.12E+14,0
2025-01-10,3.12E+14,3.12E+14,3.12E+14,3.12E+14,0
2025-01-09,3.12E+14,3.12E+14,3.12E+14,3.12E+14,0
2025-01-08,3.12E+14,3.12E+14,3.12E+14,3.12E+14,0
2025-01-07,3.12E+14,3.12E+14,3.12E+14,3.12E+14,0
2025-01-06,3.12E+14,3.12E+14,3.12E+14,3.12E+14,0
2025-01-05,3.12E+14,3.12E+14,3.12E+14,3.12E+14,0
2025-01-04,3.12E+14,3.12E+14,3.12E+14,3.12E+14,0
2025-01-03,3.12E+14,3.12E+14,3.12E+14,3.12E+14,0
2025-01-02,3.12E+14,3.12E+14,3.12E+14,3.12E+14,0
2025-01-01,3.12E+14,3.12E+14,3.12E+14,3.12E+14,0
2024-12-31,3.12E+14,3.12E+14,3.12E+14,3.12E+14,0
2024-12-30,3.12E+14,3.12E+14,3.12E+14,3.12E+14,0
2024-12-29,3.12E+14,3.12E+14,3.12E+14,3.12E+14,0
2024-12-28,3.12E+14,3.12E+14,3.12E+14,3.12E+14,0
2024-12-27,3.12E+14,3.12E+14,3.12E+14,3.12E+14,0
2024-12-26,3.12E+14,3.12E+14,3.12E+14,3.12E+14,0
2024-12-25,3.12E+14,3.12E+14,3.12E+14,3.12E+14,0
2024-12-24,3.12E+14,3.12E+14,3.12E+14,3.12E+14,0
2024-12-23,3.12E+14,3.12E+14,3.12E+14,3.12E+14,0
2024-12-22,3.12E+14,3.12E+14,3.12E+14,3.12E+14,0
2024-12-21,3.12E+14,3.12E+14,3.12E+14,3.12E+14,0
2024-12-20,3.12E+14,3.12E+14,3.12E+14,3.12E+14,0
2024-12-19,3.12E+14,3.12E+14,3.12E+14,3.12E+14,0
2024-12-18,3.12E+14,3.12E+14,3.12E+14,3.12E+14,0
2024-12-17,3.12E+14,3.12E+14,3.12E+14,3.12E+14,0
2024-12-16,3.12E+14,3.12E+14,3.12E+14,3.12E+14,0
2024-12-15,3.12E+14,3.12E+14,3.12E+14,3.12E+14,0
2024-12-14,3.12E+14,3.12E+14,3.12E+14,3.12E+14,0
2024-12-13,3.10E+14,3.10E+14,3.10E+14,3.10E+14,0
2024-12-12,3.10E+14,3.10E+14,3.10E+14,3.10E+14,0
2024-12-11,3.10E+14,3.10E+14,3.10E+14,3.10E+14,0
2024-12-10,3.10E+14,3.10E+14,3.10E+14,3.10E+14,0
2024-12-09,3.10E+14,3.10E+14,3.10E+14,3.10E+14,0
2024-12-08,3.10E+14,3.10E+14,3.10E+14,3.10E+14,0
2024-12-07,3.10E+14,3.10E+14,3.10E+14,3.10E+14,0
2024-12-06,3.10E+14,3.10E+14,3.10E+14,3.10E+14,0
2024-12-05,3.10E+14,3.10E+14,3.10E+14,3.10E+14,0
2024-12-04,3.10E+14,3.10E+14,3.10E+14,3.10E+14,0
2024-12-03,3.10E+14,3.10E+14,3.10E+14,3.10E+14,0
2024-12-02,3.10E+14,3.10E+14,3.10E+14,3.10E+14,0
2024-12-01,3.10E+14,3.10E+14,3.10E+14,3.10E+14,0
2024-11-30,3.10E+14,3.10E+14,3.10E+14,3.10E+14,0
2024-11-29,3.10E+14,3.10E+14,3.10E+14,3.10E+14,0
2024-11-28,3.10E+14,3.10E+14,3.10E+14,3.10E+14,0
2024-11-27,3.10E+14,3.10E+14,3.10E+14,3.10E+14,0
2024-11-26,3.10E+14,3.10E+14,3.10E+14,3.10E+14,0
2024-11-25,3.10E+14,3.10E+14,3.10E+14,3.10E+14,0
2024-11-24,3.10E+14,3.10E+14,3.10E+14,3.10E+14,0
2024-11-23,3.10E+14,3.10E+14,3.10E+14,3.10E+14,0
2024-11-22,3.10E+14,3.10E+14,3.10E+14,3.10E+14,0
2024-11-21,3.10E+14,3.10E+14,3.10E+14,3.10E+14,0
2024-11-20,3.10E+14,3.10E+14,3.10E+14,3.10E+14,0
2024-11-19,3.10E+14,3.10E+14,3.10E+14,3.10E+14,0
2024-11-18,3.10E+14,3.10E+14,3.10E+14,3.10E+14,0
2024-11-17,3.10E+14,3.10E+14,3.10E+14,3.10E+14,0
2024-11-16,3.10E+14,3.10E+14,3.10E+14,3.10E+14,0
2024-11-15,3.10E+14,3.10E+14,3.10E+14,3.10E+14,0
2024-11-14,3.10E+14,3.10E+14,3.10E+14,3.10E+14,0
2024-11-13,3.09E+14,3.09E+14,3.09E+14,3.09E+14,0
2024-11-12,3.09E+14,3.09E+14,3.09E+14,3.09E+14,0
2024-11-11,3.09E+14,3.09E+14,3.09E+14,3.09E+14,0
2024-11-10,3.09E+14,3.09E+14,3.09E+14,3.09E+14,0
2024-11-09,3.09E+14,3.09E+14,3.09E+14,3.09E+14,0
2024-11-08,3.09E+14,3.09E+14,3.09E+14,3.09E+14,0
2024-11-07,3.09E+14,3.09E+14,3.09E+14,3.09E+14,0
2024-11-06,3.09E+14,3.09E+14,3.09E+14,3.09E+14,0
2024-11-05,3.09E+14,3.09E+14,3.09E+14,3.09E+14,0
2024-11-04,3.09E+14,3.09E+14,3.09E+14,3.09E+14,0
2024-11-03,3.09E+14,3.09E+14,3.09E+14,3.09E+14,0
2024-11-02,3.09E+14,3.09E+14,3.09E+14,3.09E+14,0
2024-11-01,3.09E+14,3.09E+14,3.09E+14,3.09E+14,0
2024-10-31,3.09E+14,3.09E+14,3.09E+14,3.09E+14,0
2024-10-30,3.09E+14,3.09E+14,3.09E+14,3.09E+14,0
2024-10-29,3.09E+14,3.09E+14,3.09E+14,3.09E+14,0
2024-10-28,3.09E+14,3.09E+14,3.09E+14,3.09E+14,0
2024-10-27,3.09E+14,3.09E+14,3.09E+14,3.09E+14,0
2024-10-26,3.09E+14,3.09E+14,3.09E+14,3.09E+14,0
2024-10-25,3.09E+14,3.09E+14,3.09E+14,3.09E+14,0
2024-10-24,3.09E+14,3.09E+14,3.09E+14,3.09E+14,0
2024-10-23,3.09E+14,3.09E+14,3.09E+14,3.09E+14,0
2024-10-22,3.09E+14,3.09E+14,3.09E+14,3.09E+14,0
2024-10-21,3.09E+14,3.09E+14,3.09E+14,3.09E+14,0
2024-10-20,3.09E+14,3.09E+14,3.09E+14,3.09E+14,0
2024-10-19,3.09E+14,3.09E+14,3.09E+14,3.09E+14,0
2024-10-18,3.09E+14,3.09E+14,3.09E+14,3.09E+14,0
2024-10-17,3.09E+14,3.09E+14,3.09E+14,3.09E+14,0
2024-10-16,3.09E+14,3.09E+14,3.09E+14,3.09E+14,0
2024-10-15,3.09E+14,3.09E+14,3.09E+14,3.09E+14,0
2024-10-14,3.09E+14,3.09E+14,3.09E+14,3.09E+14,0
2024-10-13,3.05E+14,3.05E+14,3.05E+14,3.05E+14,0
2024-10-12,3.05E+14,3.05E+14,3.05E+14,3.05E+14,0
2024-10-11,3.05E+14,3.05E+14,3.05E+14,3.05E+14,0
2024-10-10,3.05E+14,3.05E+14,3.05E+14,3.05E+14,0
2024-10-09,3.05E+14,3.05E+14,3.05E+14,3.05E+14,0
2024-10-08,3.05E+14,3.05E+14,3.05E+14,3.05E+14,0
2024-10-07,3.05E+14,3.05E+14,3.05E+14,3.05E+14,0
2024-10-06,3.05E+14,3.05E+14,3.05E+14,3.05E+14,0
2024-10-05,3.05E+14,3.05E+14,3.05E+14,3.05E+14,0
2024-10-04,3.05E+14,3.05E+14,3.05E+14,3.05E+14,0
2024-10-03,3.05E+14,3.05E+14,3.05E+14,3.05E+14,0
2024-10-02,3.05E+14,3.05E+14,3.05E+14,3.05E+14,0
2024-10-01,3.05E+14,3.05E+14,3.05E+14,3.05E+14,0
2024-09-30,3.05E+14,3.05E+14,3.05E+14,3.05E+14,0
2024-09-29,3.05E+14,3.05E+14,3.05E+14,3.05E+14,0
2024-09-28,3.05E+14,3.05E+14,3.05E+14,3.05E+14,0
2024-09-27,3.05E+14,3.05E+14,3.05E+14,3.05E+14,0
2024-09-26,3.05E+14,3.05E+14,3.05E+14,3.05E+14,0
2024-09-25,3.05E+14,3.05E+14,3.05E+14,3.05E+14,0
2024-09-24,3.05E+14,3.05E+14,3.05E+14,3.05E+14,0
2024-09-23,3.05E+14,3.05E+14,3.05E+14,3.05E+14,0
2024-09-22,3.05E+14,3.05E+14,3.05E+14,3.05E+14,0
2024-09-21,3.05E+14,3.05E+14,3.05E+14,3.05E+14,0
2024-09-20,3.05E+14,3.05E+14,3.05E+14,3.05E+14,0
2024-09-19,3.05E+14,3.05E+14,3.05E+14,3.05E+14,0
2024-09-18,3.05E+14,3.05E+14,3.05E+14,3.05E+14,0
2024-09-17,3.05E+14,3.05E+14,3.05E+14,3.05E+14,0
2024-09-16,3.05E+14,3.05E+14,3.05E+14,3.05E+14,0
2024-09-15,3.05E+14,3.05E+14,3.05E+14,3.05E+14,0
2024-09-14,3.05E+14,3.05E+14,3.05E+14,3.05E+14,0
2024-09-13,3.03E+14,3.03E+14,3.03E+14,3.03E+14,0
2024-09-12,3.03E+14,3.03E+14,3.03E+14,3.03E+14,0
2024-09-11,3.03E+14,3.03E+14,3.03E+14,3.03E+14,0
2024-09-10,3.03E+14,3.03E+14,3.03E+14,3.03E+14,0
2024-09-09,3.03E+14,3.03E+14,3.03E+14,3.03E+14,0
2024-09-08,3.03E+14,3.03E+14,3.03E+14,3.03E+14,0
2024-09-07,3.03E+14,3.03E+14,3.03E+14,3.03E+14,0
2024-09-06,3.03E+14,3.03E+14,3.03E+14,3.03E+14,0
2024-09-05,3.03E+14,3.03E+14,3.03E+14,3.03E+14,0
2024-09-04,3.03E+14,3.03E+14,3.03E+14,3.03E+14,0
2024-09-03,3.03E+14,3.03E+14,3.03E+14,3.03E+14,0
2024-09-02,3.03E+14,3.03E+14,3.03E+14,3.03E+14,0
2024-09-01,3.03E+14,3.03E+14,3.03E+14,3.03E+14,0
2024-08-31,3.03E+14,3.03E+14,3.03E+14,3.03E+14,0
2024-08-30,3.03E+14,3.03E+14,3.03E+14,3.03E+14,0
2024-08-29,3.03E+14,3.03E+14,3.03E+14,3.03E+14,0
2024-08-28,3.03E+14,3.03E+14,3.03E+14,3.03E+14,0
2024-08-27,3.03E+14,3.03E+14,3.03E+14,3.03E+14,0
2024-08-26,3.03E+14,3.03E+14,3.03E+14,3.03E+14,0
2024-08-25,3.03E+14,3.03E+14,3.03E+14,3.03E+14,0
2024-08-24,3.03E+14,3.03E+14,3.03E+14,3.03E+14,0
2024-08-23,3.03E+14,3.03E+14,3.03E+14,3.03E+14,0
2024-08-22,3.03E+14,3.03E+14,3.03E+14,3.03E+14,0
2024-08-21,3.03E+14,3.03E+14,3.03E+14,3.03E+14,0
2024-08-20,3.03E+14,3.03E+14,3.03E+14,3.03E+14,0
2024-08-19,3.03E+14,3.03E+14,3.03E+14,3.03E+14,0
2024-08-18,3.03E+14,3.03E+14,3.03E+14,3.03E+14,0
2024-08-17,3.03E+14,3.03E+14,3.03E+14,3.03E+14,0
2024-08-16,3.03E+14,3.03E+14,3.03E+14,3.03E+14,0
2024-08-15,3.03E+14,3.03E+14,3.03E+14,3.03E+14,0
2024-08-14,3.03E+14,3.03E+14,3.03E+14,3.03E+14,0
2024-08-13,3.05E+14,3.05E+14,3.05E+14,3.05E+14,0
2024-08-12,3.05E+14,3.05E+14,3.05E+14,3.05E+14,0
2024-08-11,3.05E+14,3.05E+14,3.05E+14,3.05E+14,0
2024-08-10,3.05E+14,3.05E+14,3.05E+14,3.05E+14,0
2024-08-09,3.05E+14,3.05E+14,3.05E+14,3.05E+14,0
2024-08-08,3.05E+14,3.05E+14,3.05E+14,3.05E+14,0
2024-08-07,3.05E+14,3.05E+14,3.05E+14,3.05E+14,0
2024-08-06,3.05E+14,3.05E+14,3.05E+14,3.05E+14,0
2024-08-05,3.05E+14,3.05E+14,3.05E+14,3.05E+14,0
2024-08-04,3.05E+14,3.05E+14,3.05E+14,3.05E+14,0
2024-08-03,3.05E+14,3.05E+14,3.05E+14,3.05E+14,0
2024-08-02,3.05E+14,3.05E+14,3.05E+14,3.05E+14,0
2024-08-01,3.05E+14,3.05E+14,3.05E+14,3.05E+14,0
2024-07-31,3.05E+14,3.05E+14,3.05E+14,3.05E+14,0
2024-07-30,3.05E+14,3.05E+14,3.05E+14,3.05E+14,0
2024-07-29,3.05E+14,3.05E+14,3.05E+14,3.05E+14,0
2024-07-28,3.05E+14,3.05E+14,3.05E+14,3.05E+14,0
2024-07-27,3.05E+14,3.05E+14,3.05E+14,3.05E+14,0
2024-07-26,3.05E+14,3.05E+14,3.05E+14,3.05E+14,0
2024-07-25,3.05E+14,3.05E+14,3.05E+14,3.05E+14,0
2024-07-24,3.05E+14,3.05E+14,3.05E+14,3.05E+14,0
2024-07-23,3.05E+14,3.05E+14,3.05E+14,3.05E+14,0
2024-07-22,3.05E+14,3.05E+14,3.05E+14,3.05E+14,0
2024-07-21,3.05E+14,3.05E+14,3.05E+14,3.05E+14,0
2024-07-20,3.05E+14,3.05E+14,3.05E+14,3.05E+14,0
2024-07-19,3.05E+14,3.05E+14,3.05E+14,3.05E+14,0
2024-07-18,3.05E+14,3.05E+14,3.05E+14,3.05E+14,0
2024-07-17,3.05E+14,3.05E+14,3.05E+14,3.05E+14,0
2024-07-16,3.05E+14,3.05E+14,3.05E+14,3.05E+14,0
2024-07-15,3.05E+14,3.05E+14,3.05E+14,3.05E+14,0
2024-07-14,3.05E+14,3.05E+14,3.05E+14,3.05E+14,0
2024-07-13,3.02E+14,3.02E+14,3.02E+14,3.02E+14,0
2024-07-12,3.02E+14,3.02E+14,3.02E+14,3.02E+14,0
2024-07-11,3.02E+14,3.02E+14,3.02E+14,3.02E+14,0
2024-07-10,3.02E+14,3.02E+14,3.02E+14,3.02E+14,0
2024-07-09,3.02E+14,3.02E+14,3.02E+14,3.02E+14,0
2024-07-08,3.02E+14,3.02E+14,3.02E+14,3.02E+14,0
2024-07-07,3.02E+14,3.02E+14,3.02E+14,3.02E+14,0
2024-07-06,3.02E+14,3.02E+14,3.02E+14,3.02E+14,0
2024-07-05,3.02E+14,3.02E+14,3.02E+14,3.02E+14,0
2024-07-04,3.02E+14,3.02E+14,3.02E+14,3.02E+14,0
2024-07-03,3.02E+14,3.02E+14,3.02E+14,3.02E+14,0
2024-07-02,3.02E+14,3.02E+14,3.02E+14,3.02E+14,0
2024-07-01,3.02E+14,3.02E+14,3.02E+14,3.02E+14,0
2024-06-30,3.02E+14,3.02E+14,3.02E+14,3.02E+14,0
2024-06-29,3.02E+14,3.02E+14,3.02E+14,3.02E+14,0
2024-06-28,3.02E+14,3.02E+14,3.02E+14,3.02E+14,0
2024-06-27,3.02E+14,3.02E+14,3.02E+14,3.02E+14,0
2024-06-26,3.02E+14,3.02E+14,3.02E+14,3.02E+14,0
2024-06-25,3.02E+14,3.02E+14,3.02E+14,3.02E+14,0
2024-06-24,3.02E+14,3.02E+14,3.02E+14,3.02E+14,0
2024-06-23,3.02E+14,3.02E+14,3.02E+14,3.02E+14,0
2024-06-22,3.02E+14,3.02E+14,3.02E+14,3.02E+14,0
2024-06-21,3.02E+14,3.02E+14,3.02E+14,3.02E+14,0
2024-06-20,3.02E+14,3.02E+14,3.02E+14,3.02E+14,0
2024-06-19,3.02E+14,3.02E+14,3.02E+14,3.02E+14,0
2024-06-18,3.02E+14,3.02E+14,3.02E+14,3.02E+14,0
2024-06-17,3.02E+14,3.02E+14,3.02E+14,3.02E+14,0
2024-06-16,3.02E+14,3.02E+14,3.02E+14,3.02E+14,0
2024-06-15,3.02E+14,3.02E+14,3.02E+14,3.02E+14,0
2024-06-14,3.02E+14,3.02E+14,3.02E+14,3.02E+14,0
2024-06-13,3.01E+14,3.01E+14,3.01E+14,3.01E+14,0
2024-06-12,3.01E+14,3.01E+14,3.01E+14,3.01E+14,0
2024-06-11,3.01E+14,3.01E+14,3.01E+14,3.01E+14,0
2024-06-10,3.01E+14,3.01E+14,3.01E+14,3.01E+14,0
2024-06-09,3.01E+14,3.01E+14,3.01E+14,3.01E+14,0
2024-06-08,3.01E+14,3.01E+14,3.01E+14,3.01E+14,0
2024-06-07,3.01E+14,3.01E+14,3.01E+14,3.01E+14,0
2024-06-06,3.01E+14,3.01E+14,3.01E+14,3.01E+14,0
2024-06-05,3.01E+14,3.01E+14,3.01E+14,3.01E+14,0
2024-06-04,3.01E+14,3.01E+14,3.01E+14,3.01E+14,0
2024-06-03,3.01E+14,3.01E+14,3.01E+14,3.01E+14,0
2024-06-02,3.01E+14,3.01E+14,3.01E+14,3.01E+14,0
2024-06-01,3.01E+14,3.01E+14,3.01E+14,3.01E+14,0
2024-05-31,3.01E+14,3.01E+14,3.01E+14,3.01E+14,0
2024-05-30,3.01E+14,3.01E+14,3.01E+14,3.01E+14,0
2024-05-29,3.01E+14,3.01E+14,3.01E+14,3.01E+14,0
2024-05-28,3.01E+14,3.01E+14,3.01E+14,3.01E+14,0
2024-05-27,3.01E+14,3.01E+14,3.01E+14,3.01E+14,0
2024-05-26,3.01E+14,3.01E+14,3.01E+14,3.01E+14,0
2024-05-25,3.01E+14,3.01E+14,3.01E+14,3.01E+14,0
2024-05-24,3.01E+14,3.01E+14,3.01E+14,3.01E+14,0
2024-05-23,3.01E+14,3.01E+14,3.01E+14,3.01E+14,0
2024-05-22,3.01E+14,3.01E+14,3.01E+14,3.01E+14,0
2024-05-21,3.01E+14,3.01E+14,3.01E+14,3.01E+14,0
2024-05-20,3.01E+14,3.01E+14,3.01E+14,3.01E+14,0
2024-05-19,3.01E+14,3.01E+14,3.01E+14,3.01E+14,0
2024-05-18,3.01E+14,3.01E+14,3.01E+14,3.01E+14,0
2024-05-17,3.01E+14,3.01E+14,3.01E+14,3.01E+14,0
2024-05-16,3.01E+14,3.01E+14,3.01E+14,3.01E+14,0
2024-05-15,3.01E+14,3.01E+14,3.01E+14,3.01E+14,0
2024-05-14,3.01E+14,3.01E+14,3.01E+14,3.01E+14,0
2024-05-13,3.05E+14,3.05E+14,3.05E+14,3.05E+14,0
2024-05-12,3.05E+14,3.05E+14,3.05E+14,3.05E+14,0
2024-05-11,3.05E+14,3.05E+14,3.05E+14,3.05E+14,0
2024-05-10,3.05E+14,3.05E+14,3.05E+14,3.05E+14,0
2024-05-09,3.05E+14,3.05E+14,3.05E+14,3.05E+14,0
2024-05-08,3.05E+14,3.05E+14,3.05E+14,3.05E+14,0
2024-05-07,3.05E+14,3.05E+14,3.05E+14,3.05E+14,0
2024-05-06,3.05E+14,3.05E+14,3.05E+14,3.05E+14,0
2024-05-05,3.05E+14,3.05E+14,3.05E+14,3.05E+14,0
2024-05-04,3.05E+14,3.05E+14,3.05E+14,3.05E+14,0
2024-05-03,3.05E+14,3.05E+14,3.05E+14,3.05E+14,0
2024-05-02,3.05E+14,3.05E+14,3.05E+14,3.05E+14,0
2024-05-01,3.05E+14,3.05E+14,3.05E+14,3.05E+14,0
2024-04-30,3.05E+14,3.05E+14,3.05E+14,3.05E+14,0
2024-04-29,3.05E+14,3.05E+14,3.05E+14,3.05E+14,0
2024-04-28,3.05E+14,3.05E+14,3.05E+14,3.05E+14,0
2024-04-27,3.05E+14,3.05E+14,3.05E+14,3.05E+14,0
2024-04-26,3.05E+14,3.05E+14,3.05E+14,3.05E+14,0
2024-04-25,3.05E+14,3.05E+14,3.05E+14,3.05E+14,0
2024-04-24,3.05E+14,3.05E+14,3.05E+14,3.05E+14,0
2024-04-23,3.05E+14,3.05E+14,3.05E+14,3.05E+14,0
2024-04-22,3.05E+14,3.05E+14,3.05E+14,3.05E+14,0
2024-04-21,3.05E+14,3.05E+14,3.05E+14,3.05E+14,0
2024-04-20,3.05E+14,3.05E+14,3.05E+14,3.05E+14,0
2024-04-19,3.05E+14,3.05E+14,3.05E+14,3.05E+14,0
2024-04-18,3.05E+14,3.05E+14,3.05E+14,3.05E+14,0
2024-04-17,3.05E+14,3.05E+14,3.05E+14,3.05E+14,0
2024-04-16,3.05E+14,3.05E+14,3.05E+14,3.05E+14,0
2024-04-15,3.05E+14,3.05E+14,3.05E+14,3.05E+14,0
2024-04-14,3.05E+14,3.05E+14,3.05E+14,3.05E+14,0
2024-04-13,3.00E+14,3.00E+14,3.00E+14,3.00E+14,0
2024-04-12,3.00E+14,3.00E+14,3.00E+14,3.00E+14,0
2024-04-11,3.00E+14,3.00E+14,3.00E+14,3.00E+14,0
2024-04-10,3.00E+14,3.00E+14,3.00E+14,3.00E+14,0
2024-04-09,3.00E+14,3.00E+14,3.00E+14,3.00E+14,0
2024-04-08,3.00E+14,3.00E+14,3.00E+14,3.00E+14,0
2024-04-07,3.00E+14,3.00E+14,3.00E+14,3.00E+14,0
2024-04-06,3.00E+14,3.00E+14,3.00E+14,3.00E+14,0
2024-04-05,3.00E+14,3.00E+14,3.00E+14,3.00E+14,0
2024-04-04,3.00E+14,3.00E+14,3.00E+14,3.00E+14,0
2024-04-03,3.00E+14,3.00E+14,3.00E+14,3.00E+14,0
2024-04-02,3.00E+14,3.00E+14,3.00E+14,3.00E+14,0
2024-04-01,3.00E+14,3.00E+14,3.00E+14,3.00E+14,0
2024-03-31,3.00E+14,3.00E+14,3.00E+14,3.00E+14,0
2024-03-30,3.00E+14,3.00E+14,3.00E+14,3.00E+14,0
2024-03-29,3.00E+14,3.00E+14,3.00E+14,3.00E+14,0
2024-03-28,3.00E+14,3.00E+14,3.00E+14,3.00E+14,0
2024-03-27,3.00E+14,3.00E+14,3.00E+14,3.00E+14,0
2024-03-26,3.00E+14,3.00E+14,3.00E+14,3.00E+14,0
2024-03-25,3.00E+14,3.00E+14,3.00E+14,3.00E+14,0
2024-03-24,3.00E+14,3.00E+14,3.00E+14,3.00E+14,0
2024-03-23,3.00E+14,3.00E+14,3.00E+14,3.00E+14,0
2024-03-22,3.00E+14,3.00E+14,3.00E+14,3.00E+14,0
2024-03-21,3.00E+14,3.00E+14,3.00E+14,3.00E+14,0
2024-03-20,3.00E+14,3.00E+14,3.00E+14,3.00E+14,0
2024-03-19,3.00E+14,3.00E+14,3.00E+14,3.00E+14,0
2024-03-18,3.00E+14,3.00E+14,3.00E+14,3.00E+14,0
2024-03-17,3.00E+14,3.00E+14,3.00E+14,3.00E+14,0
2024-03-16,3.00E+14,3.00E+14,3.00E+14,3.00E+14,0
2024-03-15,3.00E+14,3.00E+14,3.00E+14,3.00E+14,0
2024-03-14,3.00E+14,3.00E+14,3.00E+14,3.00E+14,0
2024-03-13,2.98E+14,2.98E+14,2.98E+14,2.98E+14,0
2024-03-12,2.98E+14,2.98E+14,2.98E+14,2.98E+14,0
2024-03-11,2.98E+14,2.98E+14,2.98E+14,2.98E+14,0
2024-03-10,2.98E+14,2.98E+14,2.98E+14,2.98E+14,0
2024-03-09,2.98E+14,2.98E+14,2.98E+14,2.98E+14,0
2024-03-08,2.98E+14,2.98E+14,2.98E+14,2.98E+14,0
2024-03-07,2.98E+14,2.98E+14,2.98E+14,2.98E+14,0
2024-03-06,2.98E+14,2.98E+14,2.98E+14,2.98E+14,0
2024-03-05,2.98E+14,2.98E+14,2.98E+14,2.98E+14,0
2024-03-04,2.98E+14,2.98E+14,2.98E+14,2.98E+14,0
2024-03-03,2.98E+14,2.98E+14,2.98E+14,2.98E+14,0
2024-03-02,2.98E+14,2.98E+14,2.98E+14,2.98E+14,0
2024-03-01,2.98E+14,2.98E+14,2.98E+14,2.98E+14,0
2024-02-29,2.98E+14,2.98E+14,2.98E+14,2.98E+14,0
2024-02-28,2.98E+14,2.98E+14,2.98E+14,2.98E+14,0
2024-02-27,2.98E+14,2.98E+14,2.98E+14,2.98E+14,0
2024-02-26,2.98E+14,2.98E+14,2.98E+14,2.98E+14,0
2024-02-25,2.98E+14,2.98E+14,2.98E+14,2.98E+14,0
2024-02-24,2.98E+14,2.98E+14,2.98E+14,2.98E+14,0
2024-02-23,2.98E+14,2.98E+14,2.98E+14,2.98E+14,0
2024-02-22,2.98E+14,2.98E+14,2.98E+14,2.98E+14,0
2024-02-21,2.98E+14,2.98E+14,2.98E+14,2.98E+14,0
2024-02-20,2.98E+14,2.98E+14,2.98E+14,2.98E+14,0
2024-02-19,2.98E+14,2.98E+14,2.98E+14,2.98E+14,0
2024-02-18,2.98E+14,2.98E+14,2.98E+14,2.98E+14,0
2024-02-17,2.98E+14,2.98E+14,2.98E+14,2.98E+14,0
2024-02-16,2.98E+14,2.98E+14,2.98E+14,2.98E+14,0
2024-02-15,2.98E+14,2.98E+14,2.98E+14,2.98E+14,0
2024-02-14,2.98E+14,2.98E+14,2.98E+14,2.98E+14,0
2024-02-13,2.92E+14,2.92E+14,2.92E+14,2.92E+14,0
2024-02-12,2.92E+14,2.92E+14,2.92E+14,2.92E+14,0
2024-02-11,2.92E+14,2.92E+14,2.92E+14,2.92E+14,0
2024-02-10,2.92E+14,2.92E+14,2.92E+14,2.92E+14,0
2024-02-09,2.92E+14,2.92E+14,2.92E+14,2.92E+14,0
2024-02-08,2.92E+14,2.92E+14,2.92E+14,2.92E+14,0
2024-02-07,2.92E+14,2.92E+14,2.92E+14,2.92E+14,0
2024-02-06,2.92E+14,2.92E+14,2.92E+14,2.92E+14,0
2024-02-05,2.92E+14,2.92E+14,2.92E+14,2.92E+14,0
2024-02-04,2.92E+14,2.92E+14,2.92E+14,2.92E+14,0
2024-02-03,2.92E+14,2.92E+14,2.92E+14,2.92E+14,0
2024-02-02,2.92E+14,2.92E+14,2.92E+14,2.92E+14,0
2024-02-01,2.92E+14,2.92E+14,2.92E+14,2.92E+14,0
2024-01-31,2.92E+14,2.92E+14,2.92E+14,2.92E+14,0
2024-01-30,2.92E+14,2.92E+14,2.92E+14,2.92E+14,0
2024-01-29,2.92E+14,2.92E+14,2.92E+14,2.92E+14,0
2024-01-28,2.92E+14,2.92E+14,2.92E+14,2.92E+14,0
2024-01-27,2.92E+14,2.92E+14,2.92E+14,2.92E+14,0
2024-01-26,2.92E+14,2.92E+14,2.92E+14,2.92E+14,0
2024-01-25,2.92E+14,2.92E+14,2.92E+14,2.92E+14,0
2024-01-24,2.92E+14,2.92E+14,2.92E+14,2.92E+14,0
2024-01-23,2.92E+14,2.92E+14,2.92E+14,2.92E+14,0
2024-01-22,2.92E+14,2.92E+14,2.92E+14,2.92E+14,0
2024-01-21,2.92E+14,2.92E+14,2.92E+14,2.92E+14,0
2024-01-20,2.92E+14,2.92E+14,2.92E+14,2.92E+14,0
2024-01-19,2.92E+14,2.92E+14,2.92E+14,2.92E+14,0
2024-01-18,2.92E+14,2.92E+14,2.92E+14,2.92E+14,0
2024-01-17,2.92E+14,2.92E+14,2.92E+14,2.92E+14,0
2024-01-16,2.92E+14,2.92E+14,2.92E+14,2.92E+14,0
2024-01-15,2.92E+14,2.92E+14,2.92E+14,2.92E+14,0
2024-01-14,2.92E+14,2.92E+14,2.92E+14,2.92E+14,0
2024-01-13,2.91E+14,2.91E+14,2.91E+14,2.91E+14,0
2024-01-12,2.91E+14,2.91E+14,2.91E+14,2.91E+14,0
2024-01-11,2.91E+14,2.91E+14,2.91E+14,2.91E+14,0
2024-01-10,2.91E+14,2.91E+14,2.91E+14,2.91E+14,0
2024-01-09,2.91E+14,2.91E+14,2.91E+14,2.91E+14,0
2024-01-08,2.91E+14,2.91E+14,2.91E+14,2.91E+14,0
2024-01-07,2.91E+14,2.91E+14,2.91E+14,2.91E+14,0
2024-01-06,2.91E+14,2.91E+14,2.91E+14,2.91E+14,0
2024-01-05,2.91E+14,2.91E+14,2.91E+14,2.91E+14,0
2024-01-04,2.91E+14,2.91E+14,2.91E+14,2.91E+14,0
2024-01-03,2.91E+14,2.91E+14,2.91E+14,2.91E+14,0
2024-01-02,2.91E+14,2.91E+14,2.91E+14,2.91E+14,0
2024-01-01,2.91E+14,2.91E+14,2.91E+14,2.91E+14,0
2023-12-31,2.91E+14,2.91E+14,2.91E+14,2.91E+14,0
2023-12-30,2.91E+14,2.91E+14,2.91E+14,2.91E+14,0
2023-12-29,2.91E+14,2.91E+14,2.91E+14,2.91E+14,0
2023-12-28,2.91E+14,2.91E+14,2.91E+14,2.91E+14,0
2023-12-27,2.91E+14,2.91E+14,2.91E+14,2.91E+14,0
2023-12-26,2.91E+14,2.91E+14,2.91E+14,2.91E+14,0
2023-12-25,2.91E+14,2.91E+14,2.91E+14,2.91E+14,0
2023-12-24,2.91E+14,2.91E+14,2.91E+14,2.91E+14,0
2023-12-23,2.91E+14,2.91E+14,2.91E+14,2.91E+14,0
2023-12-22,2.91E+14,2.91E+14,2.91E+14,2.91E+14,0
2023-12-21,2.91E+14,2.91E+14,2.91E+14,2.91E+14,0
2023-12-20,2.91E+14,2.91E+14,2.91E+14,2.91E+14,0
2023-12-19,2.91E+14,2.91E+14,2.91E+14,2.91E+14,0
2023-12-18,2.91E+14,2.91E+14,2.91E+14,2.91E+14,0
2023-12-17,2.91E+14,2.91E+14,2.91E+14,2.91E+14,0
2023-12-16,2.91E+14,2.91E+14,2.91E+14,2.91E+14,0
2023-12-15,2.91E+14,2.91E+14,2.91E+14,2.91E+14,0
2023-12-14,2.91E+14,2.91E+14,2.91E+14,2.91E+14,0
2023-12-13,2.88E+14,2.88E+14,2.88E+14,2.88E+14,0
2023-12-12,2.88E+14,2.88E+14,2.88E+14,2.88E+14,0
2023-12-11,2.88E+14,2.88E+14,2.88E+14,2.88E+14,0
2023-12-10,2.88E+14,2.88E+14,2.88E+14,2.88E+14,0
2023-12-09,2.88E+14,2.88E+14,2.88E+14,2.88E+14,0
2023-12-08,2.88E+14,2.88E+14,2.88E+14,2.88E+14,0
2023-12-07,2.88E+14,2.88E+14,2.88E+14,2.88E+14,0
2023-12-06,2.88E+14,2.88E+14,2.88E+14,2.88E+14,0
2023-12-05,2.88E+14,2.88E+14,2.88E+14,2.88E+14,0
2023-12-04,2.88E+14,2.88E+14,2.88E+14,2.88E+14,0
2023-12-03,2.88E+14,2.88E+14,2.88E+14,2.88E+14,0
2023-12-02,2.88E+14,2.88E+14,2.88E+14,2.88E+14,0
2023-12-01,2.88E+14,2.88E+14,2.88E+14,2.88E+14,0
2023-11-30,2.88E+14,2.88E+14,2.88E+14,2.88E+14,0
2023-11-29,2.88E+14,2.88E+14,2.88E+14,2.88E+14,0
2023-11-28,2.88E+14,2.88E+14,2.88E+14,2.88E+14,0
2023-11-27,2.88E+14,2.88E+14,2.88E+14,2.88E+14,0
2023-11-26,2.88E+14,2.88E+14,2.88E+14,2.88E+14,0
2023-11-25,2.88E+14,2.88E+14,2.88E+14,2.88E+14,0
2023-11-24,2.88E+14,2.88E+14,2.88E+14,2.88E+14,0
2023-11-23,2.88E+14,2.88E+14,2.88E+14,2.88E+14,0
2023-11-22,2.88E+14,2.88E+14,2.88E+14,2.88E+14,0
2023-11-21,2.88E+14,2.88E+14,2.88E+14,2.88E+14,0
2023-11-20,2.88E+14,2.88E+14,2.88E+14,2.88E+14,0
2023-11-19,2.88E+14,2.88E+14,2.88E+14,2.88E+14,0
2023-11-18,2.88E+14,2.88E+14,2.88E+14,2.88E+14,0
2023-11-17,2.88E+14,2.88E+14,2.88E+14,2.88E+14,0
2023-11-16,2.88E+14,2.88E+14,2.88E+14,2.88E+14,0
2023-11-15,2.88E+14,2.88E+14,2.88E+14,2.88E+14,0
2023-11-14,2.88E+14,2.88E+14,2.88E+14,2.88E+14,0
2023-11-13,2.90E+14,2.90E+14,2.90E+14,2.90E+14,0
2023-11-12,2.90E+14,2.90E+14,2.90E+14,2.90E+14,0
2023-11-11,2.90E+14,2.90E+14,2.90E+14,2.90E+14,0
2023-11-10,2.90E+14,2.90E+14,2.90E+14,2.90E+14,0
2023-11-09,2.90E+14,2.90E+14,2.90E+14,2.90E+14,0
2023-11-08,2.90E+14,2.90E+14,2.90E+14,2.90E+14,0
2023-11-07,2.90E+14,2.90E+14,2.90E+14,2.90E+14,0
2023-11-06,2.90E+14,2.90E+14,2.90E+14,2.90E+14,0
2023-11-05,2.90E+14,2.90E+14,2.90E+14,2.90E+14,0
2023-11-04,2.90E+14,2.90E+14,2.90E+14,2.90E+14,0
2023-11-03,2.90E+14,2.90E+14,2.90E+14,2.90E+14,0
2023-11-02,2.90E+14,2.90E+14,2.90E+14,2.90E+14,0
2023-11-01,2.90E+14,2.90E+14,2.90E+14,2.90E+14,0
2023-10-31,2.90E+14,2.90E+14,2.90E+14,2.90E+14,0
2023-10-30,2.90E+14,2.90E+14,2.90E+14,2.90E+14,0
2023-10-29,2.90E+14,2.90E+14,2.90E+14,2.90E+14,0
2023-10-28,2.90E+14,2.90E+14,2.90E+14,2.90E+14,0
2023-10-27,2.90E+14,2.90E+14,2.90E+14,2.90E+14,0
2023-10-26,2.90E+14,2.90E+14,2.90E+14,2.90E+14,0
2023-10-25,2.90E+14,2.90E+14,2.90E+14,2.90E+14,0
2023-10-24,2.90E+14,2.90E+14,2.90E+14,2.90E+14,0
2023-10-23,2.90E+14,2.90E+14,2.90E+14,2.90E+14,0
2023-10-22,2.90E+14,2.90E+14,2.90E+14,2.90E+14,0
2023-10-21,2.90E+14,2.90E+14,2.90E+14,2.90E+14,0
2023-10-20,2.90E+14,2.90E+14,2.90E+14,2.90E+14,0
2023-10-19,2.90E+14,2.90E+14,2.90E+14,2.90E+14,0
2023-10-18,2.90E+14,2.90E+14,2.90E+14,2.90E+14,0
2023-10-17,2.90E+14,2.90E+14,2.90E+14,2.90E+14,0
2023-10-16,2.90E+14,2.90E+14,2.90E+14,2.90E+14,0
2023-10-15,2.90E+14,2.90E+14,2.90E+14,2.90E+14,0
2023-10-14,2.90E+14,2.90E+14,2.90E+14,2.90E+14,0
2023-10-13,2.87E+14,2.87E+14,2.87E+14,2.87E+14,0
2023-10-12,2.87E+14,2.87E+14,2.87E+14,2.87E+14,0
2023-10-11,2.87E+14,2.87E+14,2.87E+14,2.87E+14,0
2023-10-10,2.87E+14,2.87E+14,2.87E+14,2.87E+14,0
2023-10-09,2.87E+14,2.87E+14,2.87E+14,2.87E+14,0
2023-10-08,2.87E+14,2.87E+14,2.87E+14,2.87E+14,0
2023-10-07,2.87E+14,2.87E+14,2.87E+14,2.87E+14,0
2023-10-06,2.87E+14,2.87E+14,2.87E+14,2.87E+14,0
2023-10-05,2.87E+14,2.87E+14,2.87E+14,2.87E+14,0
2023-10-04,2.87E+14,2.87E+14,2.87E+14,2.87E+14,0
2023-10-03,2.87E+14,2.87E+14,2.87E+14,2.87E+14,0
2023-10-02,2.87E+14,2.87E+14,2.87E+14,2.87E+14,0
2023-10-01,2.87E+14,2.87E+14,2.87E+14,2.87E+14,0
2023-09-30,2.87E+14,2.87E+14,2.87E+14,2.87E+14,0
2023-09-29,2.87E+14,2.87E+14,2.87E+14,2.87E+14,0
2023-09-28,2.87E+14,2.87E+14,2.87E+14,2.87E+14,0
2023-09-27,2.87E+14,2.87E+14,2.87E+14,2.87E+14,0
2023-09-26,2.87E+14,2.87E+14,2.87E+14,2.87E+14,0
2023-09-25,2.87E+14,2.87E+14,2.87E+14,2.87E+14,0
2023-09-24,2.87E+14,2.87E+14,2.87E+14,2.87E+14,0
2023-09-23,2.87E+14,2.87E+14,2.87E+14,2.87E+14,0
2023-09-22,2.87E+14,2.87E+14,2.87E+14,2.87E+14,0
2023-09-21,2.87E+14,2.87E+14,2.87E+14,2.87E+14,0
2023-09-20,2.87E+14,2.87E+14,2.87E+14,2.87E+14,0
2023-09-19,2.87E+14,2.87E+14,2.87E+14,2.87E+14,0
2023-09-18,2.87E+14,2.87E+14,2.87E+14,2.87E+14,0
2023-09-17,2.87E+14,2.87E+14,2.87E+14,2.87E+14,0
2023-09-16,2.87E+14,2.87E+14,2.87E+14,2.87E+14,0
2023-09-15,2.87E+14,2.87E+14,2.87E+14,2.87E+14,0
2023-09-14,2.87E+14,2.87E+14,2.87E+14,2.87E+14,0
2023-09-13,2.85E+14,2.85E+14,2.85E+14,2.85E+14,0
2023-09-12,2.85E+14,2.85E+14,2.85E+14,2.85E+14,0
2023-09-11,2.85E+14,2.85E+14,2.85E+14,2.85E+14,0
2023-09-10,2.85E+14,2.85E+14,2.85E+14,2.85E+14,0
2023-09-09,2.85E+14,2.85E+14,2.85E+14,2.85E+14,0
2023-09-08,2.85E+14,2.85E+14,2.85E+14,2.85E+14,0
2023-09-07,2.85E+14,2.85E+14,2.85E+14,2.85E+14,0
2023-09-06,2.85E+14,2.85E+14,2.85E+14,2.85E+14,0
2023-09-05,2.85E+14,2.85E+14,2.85E+14,2.85E+14,0
2023-09-04,2.85E+14,2.85E+14,2.85E+14,2.85E+14,0
2023-09-03,2.85E+14,2.85E+14,2.85E+14,2.85E+14,0
2023-09-02,2.85E+14,2.85E+14,2.85E+14,2.85E+14,0
2023-09-01,2.85E+14,2.85E+14,2.85E+14,2.85E+14,0
2023-08-31,2.85E+14,2.85E+14,2.85E+14,2.85E+14,0
2023-08-30,2.85E+14,2.85E+14,2.85E+14,2.85E+14,0
2023-08-29,2.85E+14,2.85E+14,2.85E+14,2.85E+14,0
2023-08-28,2.85E+14,2.85E+14,2.85E+14,2.85E+14,0
2023-08-27,2.85E+14,2.85E+14,2.85E+14,2.85E+14,0
2023-08-26,2.85E+14,2.85E+14,2.85E+14,2.85E+14,0
2023-08-25,2.85E+14,2.85E+14,2.85E+14,2.85E+14,0
2023-08-24,2.85E+14,2.85E+14,2.85E+14,2.85E+14,0
2023-08-23,2.85E+14,2.85E+14,2.85E+14,2.85E+14,0
2023-08-22,2.85E+14,2.85E+14,2.85E+14,2.85E+14,0
2023-08-21,2.85E+14,2.85E+14,2.85E+14,2.85E+14,0
2023-08-20,2.85E+14,2.85E+14,2.85E+14,2.85E+14,0
2023-08-19,2.85E+14,2.85E+14,2.85E+14,2.85E+14,0
2023-08-18,2.85E+14,2.85E+14,2.85E+14,2.85E+14,0
2023-08-17,2.85E+14,2.85E+14,2.85E+14,2.85E+14,0
2023-08-16,2.85E+14,2.85E+14,2.85E+14,2.85E+14,0
2023-08-15,2.85E+14,2.85E+14,2.85E+14,2.85E+14,0
2023-08-14,2.85E+14,2.85E+14,2.85E+14,2.85E+14,0
2023-08-13,2.87E+14,2.87E+14,2.87E+14,2.87E+14,0
2023-08-12,2.87E+14,2.87E+14,2.87E+14,2.87E+14,0
2023-08-11,2.87E+14,2.87E+14,2.87E+14,2.87E+14,0
2023-08-10,2.87E+14,2.87E+14,2.87E+14,2.87E+14,0
2023-08-09,2.87E+14,2.87E+14,2.87E+14,2.87E+14,0
2023-08-08,2.87E+14,2.87E+14,2.87E+14,2.87E+14,0
2023-08-07,2.87E+14,2.87E+14,2.87E+14,2.87E+14,0
2023-08-06,2.87E+14,2.87E+14,2.87E+14,2.87E+14,0
2023-08-05,2.87E+14,2.87E+14,2.87E+14,2.87E+14,0
2023-08-04,2.87E+14,2.87E+14,2.87E+14,2.87E+14,0
2023-08-03,2.87E+14,2.87E+14,2.87E+14,2.87E+14,0
2023-08-02,2.87E+14,2.87E+14,2.87E+14,2.87E+14,0
2023-08-01,2.87E+14,2.87E+14,2.87E+14,2.87E+14,0
2023-07-31,2.87E+14,2.87E+14,2.87E+14,2.87E+14,0
2023-07-30,2.87E+14,2.87E+14,2.87E+14,2.87E+14,0
2023-07-29,2.87E+14,2.87E+14,2.87E+14,2.87E+14,0
2023-07-28,2.87E+14,2.87E+14,2.87E+14,2.87E+14,0
2023-07-27,2.87E+14,2.87E+14,2.87E+14,2.87E+14,0
2023-07-26,2.87E+14,2.87E+14,2.87E+14,2.87E+14,0
2023-07-25,2.87E+14,2.87E+14,2.87E+14,2.87E+14,0
2023-07-24,2.87E+14,2.87E+14,2.87E+14,2.87E+14,0
2023-07-23,2.87E+14,2.87E+14,2.87E+14,2.87E+14,0
2023-07-22,2.87E+14,2.87E+14,2.87E+14,2.87E+14,0
2023-07-21,2.87E+14,2.87E+14,2.87E+14,2.87E+14,0
2023-07-20,2.87E+14,2.87E+14,2.87E+14,2.87E+14,0
2023-07-19,2.87E+14,2.87E+14,2.87E+14,2.87E+14,0
2023-07-18,2.87E+14,2.87E+14,2.87E+14,2.87E+14,0
2023-07-17,2.87E+14,2.87E+14,2.87E+14,2.87E+14,0
2023-07-16,2.87E+14,2.87E+14,2.87E+14,2.87E+14,0
2023-07-15,2.87E+14,2.87E+14,2.87E+14,2.87E+14,0
2023-07-14,2.87E+14,2.87E+14,2.87E+14,2.87E+14,0
2023-07-13,2.82E+14,2.82E+14,2.82E+14,2.82E+14,0
2023-07-12,2.82E+14,2.82E+14,2.82E+14,2.82E+14,0
2023-07-11,2.82E+14,2.82E+14,2.82E+14,2.82E+14,0
2023-07-10,2.82E+14,2.82E+14,2.82E+14,2.82E+14,0
2023-07-09,2.82E+14,2.82E+14,2.82E+14,2.82E+14,0
2023-07-08,2.82E+14,2.82E+14,2.82E+14,2.82E+14,0
2023-07-07,2.82E+14,2.82E+14,2.82E+14,2.82E+14,0
2023-07-06,2.82E+14,2.82E+14,2.82E+14,2.82E+14,0
2023-07-05,2.82E+14,2.82E+14,2.82E+14,2.82E+14,0
2023-07-04,2.82E+14,2.82E+14,2.82E+14,2.82E+14,0
2023-07-03,2.82E+14,2.82E+14,2.82E+14,2.82E+14,0
2023-07-02,2.82E+14,2.82E+14,2.82E+14,2.82E+14,0
2023-07-01,2.82E+14,2.82E+14,2.82E+14,2.82E+14,0
2023-06-30,2.82E+14,2.82E+14,2.82E+14,2.82E+14,0
2023-06-29,2.82E+14,2.82E+14,2.82E+14,2.82E+14,0
2023-06-28,2.82E+14,2.82E+14,2.82E+14,2.82E+14,0
2023-06-27,2.82E+14,2.82E+14,2.82E+14,2.82E+14,0
2023-06-26,2.82E+14,2.82E+14,2.82E+14,2.82E+14,0
2023-06-25,2.82E+14,2.82E+14,2.82E+14,2.82E+14,0
2023-06-24,2.82E+14,2.82E+14,2.82E+14,2.82E+14,0
2023-06-23,2.82E+14,2.82E+14,2.82E+14,2.82E+14,0
2023-06-22,2.82E+14,2.82E+14,2.82E+14,2.82E+14,0
2023-06-21,2.82E+14,2.82E+14,2.82E+14,2.82E+14,0
2023-06-20,2.82E+14,2.82E+14,2.82E+14,2.82E+14,0
2023-06-19,2.82E+14,2.82E+14,2.82E+14,2.82E+14,0
2023-06-18,2.82E+14,2.82E+14,2.82E+14,2.82E+14,0
2023-06-17,2.82E+14,2.82E+14,2.82E+14,2.82E+14,0
2023-06-16,2.82E+14,2.82E+14,2.82E+14,2.82E+14,0
2023-06-15,2.82E+14,2.82E+14,2.82E+14,2.82E+14,0
2023-06-14,2.82E+14,2.82E+14,2.82E+14,2.82E+14,0
2023-06-13,2.81E+14,2.81E+14,2.81E+14,2.81E+14,0
2023-06-12,2.81E+14,2.81E+14,2.81E+14,2.81E+14,0
2023-06-11,2.81E+14,2.81E+14,2.81E+14,2.81E+14,0
2023-06-10,2.81E+14,2.81E+14,2.81E+14,2.81E+14,0
2023-06-09,2.81E+14,2.81E+14,2.81E+14,2.81E+14,0
2023-06-08,2.81E+14,2.81E+14,2.81E+14,2.81E+14,0
2023-06-07,2.81E+14,2.81E+14,2.81E+14,2.81E+14,0
2023-06-06,2.81E+14,2.81E+14,2.81E+14,2.81E+14,0
2023-06-05,2.81E+14,2.81E+14,2.81E+14,2.81E+14,0
2023-06-04,2.81E+14,2.81E+14,2.81E+14,2.81E+14,0
2023-06-03,2.81E+14,2.81E+14,2.81E+14,2.81E+14,0
2023-06-02,2.81E+14,2.81E+14,2.81E+14,2.81E+14,0
2023-06-01,2.81E+14,2.81E+14,2.81E+14,2.81E+14,0
2023-05-31,2.81E+14,2.81E+14,2.81E+14,2.81E+14,0
2023-05-30,2.81E+14,2.81E+14,2.81E+14,2.81E+14,0
2023-05-29,2.81E+14,2.81E+14,2.81E+14,2.81E+14,0
2023-05-28,2.81E+14,2.81E+14,2.81E+14,2.81E+14,0
2023-05-27,2.81E+14,2.81E+14,2.81E+14,2.81E+14,0
2023-05-26,2.81E+14,2.81E+14,2.81E+14,2.81E+14,0
2023-05-25,2.81E+14,2.81E+14,2.81E+14,2.81E+14,0
2023-05-24,2.81E+14,2.81E+14,2.81E+14,2.81E+14,0
2023-05-23,2.81E+14,2.81E+14,2.81E+14,2.81E+14,0
2023-05-22,2.81E+14,2.81E+14,2.81E+14,2.81E+14,0
2023-05-21,2.81E+14,2.81E+14,2.81E+14,2.81E+14,0
2023-05-20,2.81E+14,2.81E+14,2.81E+14,2.81E+14,0
2023-05-19,2.81E+14,2.81E+14,2.81E+14,2.81E+14,0
2023-05-18,2.81E+14,2.81E+14,2.81E+14,2.81E+14,0
2023-05-17,2.81E+14,2.81E+14,2.81E+14,2.81E+14,0
2023-05-16,2.81E+14,2.81E+14,2.81E+14,2.81E+14,0
2023-05-15,2.81E+14,2.81E+14,2.81E+14,2.81E+14,0
2023-05-14,2.81E+14,2.81E+14,2.81E+14,2.81E+14,0
2023-05-13,2.81E+14,2.81E+14,2.81E+14,2.81E+14,0
2023-05-12,2.81E+14,2.81E+14,2.81E+14,2.81E+14,0
2023-05-11,2.81E+14,2.81E+14,2.81E+14,2.81E+14,0
2023-05-10,2.81E+14,2.81E+14,2.81E+14,2.81E+14,0
2023-05-09,2.81E+14,2.81E+14,2.81E+14,2.81E+14,0
2023-05-08,2.81E+14,2.81E+14,2.81E+14,2.81E+14,0
2023-05-07,2.81E+14,2.81E+14,2.81E+14,2.81E+14,0
2023-05-06,2.81E+14,2.81E+14,2.81E+14,2.81E+14,0
2023-05-05,2.81E+14,2.81E+14,2.81E+14,2.81E+14,0
2023-05-04,2.81E+14,2.81E+14,2.81E+14,2.81E+14,0
2023-05-03,2.81E+14,2.81E+14,2.81E+14,2.81E+14,0
2023-05-02,2.81E+14,2.81E+14,2.81E+14,2.81E+14,0
2023-05-01,2.81E+14,2.81E+14,2.81E+14,2.81E+14,0
2023-04-30,2.81E+14,2.81E+14,2.81E+14,2.81E+14,0
2023-04-29,2.81E+14,2.81E+14,2.81E+14,2.81E+14,0
2023-04-28,2.81E+14,2.81E+14,2.81E+14,2.81E+14,0
2023-04-27,2.81E+14,2.81E+14,2.81E+14,2.81E+14,0
2023-04-26,2.81E+14,2.81E+14,2.81E+14,2.81E+14,0
2023-04-25,2.81E+14,2.81E+14,2.81E+14,2.81E+14,0
2023-04-24,2.81E+14,2.81E+14,2.81E+14,2.81E+14,0
2023-04-23,2.81E+14,2.81E+14,2.81E+14,2.81E+14,0
2023-04-22,2.81E+14,2.81E+14,2.81E+14,2.81E+14,0
2023-04-21,2.81E+14,2.81E+14,2.81E+14,2.81E+14,0
2023-04-20,2.81E+14,2.81E+14,2.81E+14,2.81E+14,0
2023-04-19,2.81E+14,2.81E+14,2.81E+14,2.81E+14,0
2023-04-18,2.81E+14,2.81E+14,2.81E+14,2.81E+14,0
2023-04-17,2.81E+14,2.81E+14,2.81E+14,2.81E+14,0
2023-04-16,2.81E+14,2.81E+14,2.81E+14,2.81E+14,0
2023-04-15,2.81E+14,2.81E+14,2.81E+14,2.81E+14,0
2023-04-14,2.81E+14,2.81E+14,2.81E+14,2.81E+14,0
2023-04-13,2.76E+14,2.76E+14,2.76E+14,2.76E+14,0
2023-04-12,2.76E+14,2.76E+14,2.76E+14,2.76E+14,0
2023-04-11,2.76E+14,2.76E+14,2.76E+14,2.76E+14,0
2023-04-10,2.76E+14,2.76E+14,2.76E+14,2.76E+14,0
2023-04-09,2.76E+14,2.76E+14,2.76E+14,2.76E+14,0
2023-04-08,2.76E+14,2.76E+14,2.76E+14,2.76E+14,0
2023-04-07,2.76E+14,2.76E+14,2.76E+14,2.76E+14,0
2023-04-06,2.76E+14,2.76E+14,2.76E+14,2.76E+14,0
2023-04-05,2.76E+14,2.76E+14,2.76E+14,2.76E+14,0
2023-04-04,2.76E+14,2.76E+14,2.76E+14,2.76E+14,0
2023-04-03,2.76E+14,2.76E+14,2.76E+14,2.76E+14,0
2023-04-02,2.76E+14,2.76E+14,2.76E+14,2.76E+14,0
2023-04-01,2.76E+14,2.76E+14,2.76E+14,2.76E+14,0
2023-03-31,2.76E+14,2.76E+14,2.76E+14,2.76E+14,0
2023-03-30,2.76E+14,2.76E+14,2.76E+14,2.76E+14,0
2023-03-29,2.76E+14,2.76E+14,2.76E+14,2.76E+14,0
2023-03-28,2.76E+14,2.76E+14,2.76E+14,2.76E+14,0
2023-03-27,2.76E+14,2.76E+14,2.76E+14,2.76E+14,0
2023-03-26,2.76E+14,2.76E+14,2.76E+14,2.76E+14,0
2023-03-25,2.76E+14,2.76E+14,2.76E+14,2.76E+14,0
2023-03-24,2.76E+14,2.76E+14,2.76E+14,2.76E+14,0
2023-03-23,2.76E+14,2.76E+14,2.76E+14,2.76E+14,0
2023-03-22,2.76E+14,2.76E+14,2.76E+14,2.76E+14,0
2023-03-21,2.76E+14,2.76E+14,2.76E+14,2.76E+14,0
2023-03-20,2.76E+14,2.76E+14,2.76E+14,2.76E+14,0
2023-03-19,2.76E+14,2.76E+14,2.76E+14,2.76E+14,0
2023-03-18,2.76E+14,2.76E+14,2.76E+14,2.76E+14,0
2023-03-17,2.76E+14,2.76E+14,2.76E+14,2.76E+14,0
2023-03-16,2.76E+14,2.76E+14,2.76E+14,2.76E+14,0
2023-03-15,2.76E+14,2.76E+14,2.76E+14,2.76E+14,0
2023-03-14,2.76E+14,2.76E+14,2.76E+14,2.76E+14,0
2023-03-13,2.74E+14,2.74E+14,2.74E+14,2.74E+14,0
2023-03-12,2.74E+14,2.74E+14,2.74E+14,2.74E+14,0
2023-03-11,2.74E+14,2.74E+14,2.74E+14,2.74E+14,0
2023-03-10,2.74E+14,2.74E+14,2.74E+14,2.74E+14,0
2023-03-09,2.74E+14,2.74E+14,2.74E+14,2.74E+14,0
2023-03-08,2.74E+14,2.74E+14,2.74E+14,2.74E+14,0
2023-03-07,2.74E+14,2.74E+14,2.74E+14,2.74E+14,0
2023-03-06,2.74E+14,2.74E+14,2.74E+14,2.74E+14,0
2023-03-05,2.74E+14,2.74E+14,2.74E+14,2.74E+14,0
2023-03-04,2.74E+14,2.74E+14,2.74E+14,2.74E+14,0
2023-03-03,2.74E+14,2.74E+14,2.74E+14,2.74E+14,0
2023-03-02,2.74E+14,2.74E+14,2.74E+14,2.74E+14,0
2023-03-01,2.74E+14,2.74E+14,2.74E+14,2.74E+14,0
2023-02-28,2.74E+14,2.74E+14,2.74E+14,2.74E+14,0
2023-02-27,2.74E+14,2.74E+14,2.74E+14,2.74E+14,0
2023-02-26,2.74E+14,2.74E+14,2.74E+14,2.74E+14,0
2023-02-25,2.74E+14,2.74E+14,2.74E+14,2.74E+14,0
2023-02-24,2.74E+14,2.74E+14,2.74E+14,2.74E+14,0
2023-02-23,2.74E+14,2.74E+14,2.74E+14,2.74E+14,0
2023-02-22,2.74E+14,2.74E+14,2.74E+14,2.74E+14,0
2023-02-21,2.74E+14,2.74E+14,2.74E+14,2.74E+14,0
2023-02-20,2.74E+14,2.74E+14,2.74E+14,2.74E+14,0
2023-02-19,2.74E+14,2.74E+14,2.74E+14,2.74E+14,0
2023-02-18,2.74E+14,2.74E+14,2.74E+14,2.74E+14,0
2023-02-17,2.74E+14,2.74E+14,2.74E+14,2.74E+14,0
2023-02-16,2.74E+14,2.74E+14,2.74E+14,2.74E+14,0
2023-02-15,2.74E+14,2.74E+14,2.74E+14,2.74E+14,0
2023-02-14,2.74E+14,2.74E+14,2.74E+14,2.74E+14,0
2023-02-13,2.66E+14,2.66E+14,2.66E+14,2.66E+14,0
2023-02-12,2.66E+14,2.66E+14,2.66E+14,2.66E+14,0
2023-02-11,2.66E+14,2.66E+14,2.66E+14,2.66E+14,0
2023-02-10,2.66E+14,2.66E+14,2.66E+14,2.66E+14,0
2023-02-09,2.66E+14,2.66E+14,2.66E+14,2.66E+14,0
2023-02-08,2.66E+14,2.66E+14,2.66E+14,2.66E+14,0
2023-02-07,2.66E+14,2.66E+14,2.66E+14,2.66E+14,0
2023-02-06,2.66E+14,2.66E+14,2.66E+14,2.66E+14,0
2023-02-05,2.66E+14,2.66E+14,2.66E+14,2.66E+14,0
2023-02-04,2.66E+14,2.66E+14,2.66E+14,2.66E+14,0
2023-02-03,2.66E+14,2.66E+14,2.66E+14,2.66E+14,0
2023-02-02,2.66E+14,2.66E+14,2.66E+14,2.66E+14,0
2023-02-01,2.66E+14,2.66E+14,2.66E+14,2.66E+14,0
2023-01-31,2.66E+14,2.66E+14,2.66E+14,2.66E+14,0
2023-01-30,2.66E+14,2.66E+14,2.66E+14,2.66E+14,0
2023-01-29,2.66E+14,2.66E+14,2.66E+14,2.66E+14,0
2023-01-28,2.66E+14,2.66E+14,2.66E+14,2.66E+14,0
2023-01-27,2.66E+14,2.66E+14,2.66E+14,2.66E+14,0
2023-01-26,2.66E+14,2.66E+14,2.66E+14,2.66E+14,0
2023-01-25,2.66E+14,2.66E+14,2.66E+14,2.66E+14,0
2023-01-24,2.66E+14,2.66E+14,2.66E+14,2.66E+14,0
2023-01-23,2.66E+14,2.66E+14,2.66E+14,2.66E+14,0
2023-01-22,2.66E+14,2.66E+14,2.66E+14,2.66E+14,0
2023-01-21,2.66E+14,2.66E+14,2.66E+14,2.66E+14,0
2023-01-20,2.66E+14,2.66E+14,2.66E+14,2.66E+14,0
2023-01-19,2.66E+14,2.66E+14,2.66E+14,2.66E+14,0
2023-01-18,2.66E+14,2.66E+14,2.66E+14,2.66E+14,0
2023-01-17,2.66E+14,2.66E+14,2.66E+14,2.66E+14,0
2023-01-16,2.66E+14,2.66E+14,2.66E+14,2.66E+14,0
2023-01-15,2.66E+14,2.66E+14,2.66E+14,2.66E+14,0
2023-01-14,2.66E+14,2.66E+14,2.66E+14,2.66E+14,0
2023-01-13,2.65E+14,2.65E+14,2.65E+14,2.65E+14,0
2023-01-12,2.65E+14,2.65E+14,2.65E+14,2.65E+14,0
2023-01-11,2.65E+14,2.65E+14,2.65E+14,2.65E+14,0
2023-01-10,2.65E+14,2.65E+14,2.65E+14,2.65E+14,0
2023-01-09,2.65E+14,2.65E+14,2.65E+14,2.65E+14,0
2023-01-08,2.65E+14,2.65E+14,2.65E+14,2.65E+14,0
2023-01-07,2.65E+14,2.65E+14,2.65E+14,2.65E+14,0
2023-01-06,2.65E+14,2.65E+14,2.65E+14,2.65E+14,0
2023-01-05,2.65E+14,2.65E+14,2.65E+14,2.65E+14,0
2023-01-04,2.65E+14,2.65E+14,2.65E+14,2.65E+14,0
2023-01-03,2.65E+14,2.65E+14,2.65E+14,2.65E+14,0
2023-01-02,2.65E+14,2.65E+14,2.65E+14,2.65E+14,0
2023-01-01,2.65E+14,2.65E+14,2.65E+14,2.65E+14,0
2022-12-31,2.65E+14,2.65E+14,2.65E+14,2.65E+14,0
2022-12-30,2.65E+14,2.65E+14,2.65E+14,2.65E+14,0
2022-12-29,2.65E+14,2.65E+14,2.65E+14,2.65E+14,0
2022-12-28,2.65E+14,2.65E+14,2.65E+14,2.65E+14,0
2022-12-27,2.65E+14,2.65E+14,2.65E+14,2.65E+14,0
2022-12-26,2.65E+14,2.65E+14,2.65E+14,2.65E+14,0
2022-12-25,2.65E+14,2.65E+14,2.65E+14,2.65E+14,0
2022-12-24,2.65E+14,2.65E+14,2.65E+14,2.65E+14,0
2022-12-23,2.65E+14,2.65E+14,2.65E+14,2.65E+14,0
2022-12-22,2.65E+14,2.65E+14,2.65E+14,2.65E+14,0
2022-12-21,2.65E+14,2.65E+14,2.65E+14,2.65E+14,0
2022-12-20,2.65E+14,2.65E+14,2.65E+14,2.65E+14,0
2022-12-19,2.65E+14,2.65E+14,2.65E+14,2.65E+14,0
2022-12-18,2.65E+14,2.65E+14,2.65E+14,2.65E+14,0
2022-12-17,2.65E+14,2.65E+14,2.65E+14,2.65E+14,0
2022-12-16,2.65E+14,2.65E+14,2.65E+14,2.65E+14,0
2022-12-15,2.65E+14,2.65E+14,2.65E+14,2.65E+14,0
2022-12-14,2.65E+14,2.65E+14,2.65E+14,2.65E+14,0
2022-12-13,2.61E+14,2.61E+14,2.61E+14,2.61E+14,0
2022-12-12,2.61E+14,2.61E+14,2.61E+14,2.61E+14,0
2022-12-11,2.61E+14,2.61E+14,2.61E+14,2.61E+14,0
2022-12-10,2.61E+14,2.61E+14,2.61E+14,2.61E+14,0
2022-12-09,2.61E+14,2.61E+14,2.61E+14,2.61E+14,0
2022-12-08,2.61E+14,2.61E+14,2.61E+14,2.61E+14,0
2022-12-07,2.61E+14,2.61E+14,2.61E+14,2.61E+14,0
2022-12-06,2.61E+14,2.61E+14,2.61E+14,2.61E+14,0
2022-12-05,2.61E+14,2.61E+14,2.61E+14,2.61E+14,0
2022-12-04,2.61E+14,2.61E+14,2.61E+14,2.61E+14,0
2022-12-03,2.61E+14,2.61E+14,2.61E+14,2.61E+14,0
2022-12-02,2.61E+14,2.61E+14,2.61E+14,2.61E+14,0
2022-12-01,2.61E+14,2.61E+14,2.61E+14,2.61E+14,0
2022-11-30,2.61E+14,2.61E+14,2.61E+14,2.61E+14,0
2022-11-29,2.61E+14,2.61E+14,2.61E+14,2.61E+14,0
2022-11-28,2.61E+14,2.61E+14,2.61E+14,2.61E+14,0
2022-11-27,2.61E+14,2.61E+14,2.61E+14,2.61E+14,0
2022-11-26,2.61E+14,2.61E+14,2.61E+14,2.61E+14,0
2022-11-25,2.61E+14,2.61E+14,2.61E+14,2.61E+14,0
2022-11-24,2.61E+14,2.61E+14,2.61E+14,2.61E+14,0
2022-11-23,2.61E+14,2.61E+14,2.61E+14,2.61E+14,0
2022-11-22,2.61E+14,2.61E+14,2.61E+14,2.61E+14,0
2022-11-21,2.61E+14,2.61E+14,2.61E+14,2.61E+14,0
2022-11-20,2.61E+14,2.61E+14,2.61E+14,2.61E+14,0
2022-11-19,2.61E+14,2.61E+14,2.61E+14,2.61E+14,0
2022-11-18,2.61E+14,2.61E+14,2.61E+14,2.61E+14,0
2022-11-17,2.61E+14,2.61E+14,2.61E+14,2.61E+14,0
2022-11-16,2.61E+14,2.61E+14,2.61E+14,2.61E+14,0
2022-11-15,2.61E+14,2.61E+14,2.61E+14,2.61E+14,0
2022-11-14,2.61E+14,2.61E+14,2.61E+14,2.61E+14,0
2022-11-13,2.63E+14,2.63E+14,2.63E+14,2.63E+14,0
2022-11-12,2.63E+14,2.63E+14,2.63E+14,2.63E+14,0
2022-11-11,2.63E+14,2.63E+14,2.63E+14,2.63E+14,0
2022-11-10,2.63E+14,2.63E+14,2.63E+14,2.63E+14,0
2022-11-09,2.63E+14,2.63E+14,2.63E+14,2.63E+14,0
2022-11-08,2.63E+14,2.63E+14,2.63E+14,2.63E+14,0
2022-11-07,2.63E+14,2.63E+14,2.63E+14,2.63E+14,0
2022-11-06,2.63E+14,2.63E+14,2.63E+14,2.63E+14,0
2022-11-05,2.63E+14,2.63E+14,2.63E+14,2.63E+14,0
2022-11-04,2.63E+14,2.63E+14,2.63E+14,2.63E+14,0
2022-11-03,2.63E+14,2.63E+14,2.63E+14,2.63E+14,0
2022-11-02,2.63E+14,2.63E+14,2.63E+14,2.63E+14,0
2022-11-01,2.63E+14,2.63E+14,2.63E+14,2.63E+14,0
2022-10-31,2.63E+14,2.63E+14,2.63E+14,2.63E+14,0
2022-10-30,2.63E+14,2.63E+14,2.63E+14,2.63E+14,0
2022-10-29,2.63E+14,2.63E+14,2.63E+14,2.63E+14,0
2022-10-28,2.63E+14,2.63E+14,2.63E+14,2.63E+14,0
2022-10-27,2.63E+14,2.63E+14,2.63E+14,2.63E+14,0
2022-10-26,2.63E+14,2.63E+14,2.63E+14,2.63E+14,0
2022-10-25,2.63E+14,2.63E+14,2.63E+14,2.63E+14,0
2022-10-24,2.63E+14,2.63E+14,2.63E+14,2.63E+14,0
2022-10-23,2.63E+14,2.63E+14,2.63E+14,2.63E+14,0
2022-10-22,2.63E+14,2.63E+14,2.63E+14,2.63E+14,0
2022-10-21,2.63E+14,2.63E+14,2.63E+14,2.63E+14,0
2022-10-20,2.63E+14,2.63E+14,2.63E+14,2.63E+14,0
2022-10-19,2.63E+14,2.63E+14,2.63E+14,2.63E+14,0
2022-10-18,2.63E+14,2.63E+14,2.63E+14,2.63E+14,0
2022-10-17,2.63E+14,2.63E+14,2.63E+14,2.63E+14,0
2022-10-16,2.63E+14,2.63E+14,2.63E+14,2.63E+14,0
2022-10-15,2.63E+14,2.63E+14,2.63E+14,2.63E+14,0
2022-10-14,2.63E+14,2.63E+14,2.63E+14,2.63E+14,0
2022-10-13,2.60E+14,2.60E+14,2.60E+14,2.60E+14,0
2022-10-12,2.60E+14,2.60E+14,2.60E+14,2.60E+14,0
2022-10-11,2.60E+14,2.60E+14,2.60E+14,2.60E+14,0
2022-10-10,2.60E+14,2.60E+14,2.60E+14,2.60E+14,0
2022-10-09,2.60E+14,2.60E+14,2.60E+14,2.60E+14,0
2022-10-08,2.60E+14,2.60E+14,2.60E+14,2.60E+14,0
2022-10-07,2.60E+14,2.60E+14,2.60E+14,2.60E+14,0
2022-10-06,2.60E+14,2.60E+14,2.60E+14,2.60E+14,0
2022-10-05,2.60E+14,2.60E+14,2.60E+14,2.60E+14,0
2022-10-04,2.60E+14,2.60E+14,2.60E+14,2.60E+14,0
2022-10-03,2.60E+14,2.60E+14,2.60E+14,2.60E+14,0
2022-10-02,2.60E+14,2.60E+14,2.60E+14,2.60E+14,0
2022-10-01,2.60E+14,2.60E+14,2.60E+14,2.60E+14,0
2022-09-30,2.60E+14,2.60E+14,2.60E+14,2.60E+14,0
2022-09-29,2.60E+14,2.60E+14,2.60E+14,2.60E+14,0
2022-09-28,2.60E+14,2.60E+14,2.60E+14,2.60E+14,0
2022-09-27,2.60E+14,2.60E+14,2.60E+14,2.60E+14,0
2022-09-26,2.60E+14,2.60E+14,2.60E+14,2.60E+14,0
2022-09-25,2.60E+14,2.60E+14,2.60E+14,2.60E+14,0
2022-09-24,2.60E+14,2.60E+14,2.60E+14,2.60E+14,0
2022-09-23,2.60E+14,2.60E+14,2.60E+14,2.60E+14,0
2022-09-22,2.60E+14,2.60E+14,2.60E+14,2.60E+14,0
2022-09-21,2.60E+14,2.60E+14,2.60E+14,2.60E+14,0
2022-09-20,2.60E+14,2.60E+14,2.60E+14,2.60E+14,0
2022-09-19,2.60E+14,2.60E+14,2.60E+14,2.60E+14,0
2022-09-18,2.60E+14,2.60E+14,2.60E+14,2.60E+14,0
2022-09-17,2.60E+14,2.60E+14,2.60E+14,2.60E+14,0
2022-09-16,2.60E+14,2.60E+14,2.60E+14,2.60E+14,0
2022-09-15,2.60E+14,2.60E+14,2.60E+14,2.60E+14,0
2022-09-14,2.60E+14,2.60E+14,2.60E+14,2.60E+14,0
2022-09-13,2.58E+14,2.58E+14,2.58E+14,2.58E+14,0
2022-09-12,2.58E+14,2.58E+14,2.58E+14,2.58E+14,0
2022-09-11,2.58E+14,2.58E+14,2.58E+14,2.58E+14,0
2022-09-10,2.58E+14,2.58E+14,2.58E+14,2.58E+14,0
2022-09-09,2.58E+14,2.58E+14,2.58E+14,2.58E+14,0
2022-09-08,2.58E+14,2.58E+14,2.58E+14,2.58E+14,0
2022-09-07,2.58E+14,2.58E+14,2.58E+14,2.58E+14,0
2022-09-06,2.58E+14,2.58E+14,2.58E+14,2.58E+14,0
2022-09-05,2.58E+14,2.58E+14,2.58E+14,2.58E+14,0
2022-09-04,2.58E+14,2.58E+14,2.58E+14,2.58E+14,0
2022-09-03,2.58E+14,2.58E+14,2.58E+14,2.58E+14,0
2022-09-02,2.58E+14,2.58E+14,2.58E+14,2.58E+14,0
2022-09-01,2.58E+14,2.58E+14,2.58E+14,2.58E+14,0
2022-08-31,2.58E+14,2.58E+14,2.58E+14,2.58E+14,0
2022-08-30,2.58E+14,2.58E+14,2.58E+14,2.58E+14,0
2022-08-29,2.58E+14,2.58E+14,2.58E+14,2.58E+14,0
2022-08-28,2.58E+14,2.58E+14,2.58E+14,2.58E+14,0
2022-08-27,2.58E+14,2.58E+14,2.58E+14,2.58E+14,0
2022-08-26,2.58E+14,2.58E+14,2.58E+14,2.58E+14,0
2022-08-25,2.58E+14,2.58E+14,2.58E+14,2.58E+14,0
2022-08-24,2.58E+14,2.58E+14,2.58E+14,2.58E+14,0
2022-08-23,2.58E+14,2.58E+14,2.58E+14,2.58E+14,0
2022-08-22,2.58E+14,2.58E+14,2.58E+14,2.58E+14,0
2022-08-21,2.58E+14,2.58E+14,2.58E+14,2.58E+14,0
2022-08-20,2.58E+14,2.58E+14,2.58E+14,2.58E+14,0
2022-08-19,2.58E+14,2.58E+14,2.58E+14,2.58E+14,0
2022-08-18,2.58E+14,2.58E+14,2.58E+14,2.58E+14,0
2022-08-17,2.58E+14,2.58E+14,2.58E+14,2.58E+14,0
2022-08-16,2.58E+14,2.58E+14,2.58E+14,2.58E+14,0
2022-08-15,2.58E+14,2.58E+14,2.58E+14,2.58E+14,0
2022-08-14,2.58E+14,2.58E+14,2.58E+14,2.58E+14,0
2022-08-13,2.58E+14,2.58E+14,2.58E+14,2.58E+14,0
2022-08-12,2.58E+14,2.58E+14,2.58E+14,2.58E+14,0
2022-08-11,2.58E+14,2.58E+14,2.58E+14,2.58E+14,0
2022-08-10,2.58E+14,2.58E+14,2.58E+14,2.58E+14,0
2022-08-09,2.58E+14,2.58E+14,2.58E+14,2.58E+14,0
2022-08-08,2.58E+14,2.58E+14,2.58E+14,2.58E+14,0
2022-08-07,2.58E+14,2.58E+14,2.58E+14,2.58E+14,0
2022-08-06,2.58E+14,2.58E+14,2.58E+14,2.58E+14,0
2022-08-05,2.58E+14,2.58E+14,2.58E+14,2.58E+14,0
2022-08-04,2.58E+14,2.58E+14,2.58E+14,2.58E+14,0
2022-08-03,2.58E+14,2.58E+14,2.58E+14,2.58E+14,0
2022-08-02,2.58E+14,2.58E+14,2.58E+14,2.58E+14,0
2022-08-01,2.58E+14,2.58E+14,2.58E+14,2.58E+14,0
2022-07-31,2.58E+14,2.58E+14,2.58E+14,2.58E+14,0
2022-07-30,2.58E+14,2.58E+14,2.58E+14,2.58E+14,0
2022-07-29,2.58E+14,2.58E+14,2.58E+14,2.58E+14,0
2022-07-28,2.58E+14,2.58E+14,2.58E+14,2.58E+14,0
2022-07-27,2.58E+14,2.58E+14,2.58E+14,2.58E+14,0
2022-07-26,2.58E+14,2.58E+14,2.58E+14,2.58E+14,0
2022-07-25,2.58E+14,2.58E+14,2.58E+14,2.58E+14,0
2022-07-24,2.58E+14,2.58E+14,2.58E+14,2.58E+14,0
2022-07-23,2.58E+14,2.58E+14,2.58E+14,2.58E+14,0
2022-07-22,2.58E+14,2.58E+14,2.58E+14,2.58E+14,0
2022-07-21,2.58E+14,2.58E+14,2.58E+14,2.58E+14,0
2022-07-20,2.58E+14,2.58E+14,2.58E+14,2.58E+14,0
2022-07-19,2.58E+14,2.58E+14,2.58E+14,2.58E+14,0
2022-07-18,2.58E+14,2.58E+14,2.58E+14,2.58E+14,0
2022-07-17,2.58E+14,2.58E+14,2.58E+14,2.58E+14,0
2022-07-16,2.58E+14,2.58E+14,2.58E+14,2.58E+14,0
2022-07-15,2.58E+14,2.58E+14,2.58E+14,2.58E+14,0
2022-07-14,2.58E+14,2.58E+14,2.58E+14,2.58E+14,0
2022-07-13,2.53E+14,2.53E+14,2.53E+14,2.53E+14,0
2022-07-12,2.53E+14,2.53E+14,2.53E+14,2.53E+14,0
2022-07-11,2.53E+14,2.53E+14,2.53E+14,2.53E+14,0
2022-07-10,2.53E+14,2.53E+14,2.53E+14,2.53E+14,0
2022-07-09,2.53E+14,2.53E+14,2.53E+14,2.53E+14,0
2022-07-08,2.53E+14,2.53E+14,2.53E+14,2.53E+14,0
2022-07-07,2.53E+14,2.53E+14,2.53E+14,2.53E+14,0
2022-07-06,2.53E+14,2.53E+14,2.53E+14,2.53E+14,0
2022-07-05,2.53E+14,2.53E+14,2.53E+14,2.53E+14,0
2022-07-04,2.53E+14,2.53E+14,2.53E+14,2.53E+14,0
2022-07-03,2.53E+14,2.53E+14,2.53E+14,2.53E+14,0
2022-07-02,2.53E+14,2.53E+14,2.53E+14,2.53E+14,0
2022-07-01,2.53E+14,2.53E+14,2.53E+14,2.53E+14,0
2022-06-30,2.53E+14,2.53E+14,2.53E+14,2.53E+14,0
2022-06-29,2.53E+14,2.53E+14,2.53E+14,2.53E+14,0
2022-06-28,2.53E+14,2.53E+14,2.53E+14,2.53E+14,0
2022-06-27,2.53E+14,2.53E+14,2.53E+14,2.53E+14,0
2022-06-26,2.53E+14,2.53E+14,2.53E+14,2.53E+14,0
2022-06-25,2.53E+14,2.53E+14,2.53E+14,2.53E+14,0
2022-06-24,2.53E+14,2.53E+14,2.53E+14,2.53E+14,0
2022-06-23,2.53E+14,2.53E+14,2.53E+14,2.53E+14,0
2022-06-22,2.53E+14,2.53E+14,2.53E+14,2.53E+14,0
2022-06-21,2.53E+14,2.53E+14,2.53E+14,2.53E+14,0
2022-06-20,2.53E+14,2.53E+14,2.53E+14,2.53E+14,0
2022-06-19,2.53E+14,2.53E+14,2.53E+14,2.53E+14,0
2022-06-18,2.53E+14,2.53E+14,2.53E+14,2.53E+14,0
2022-06-17,2.53E+14,2.53E+14,2.53E+14,2.53E+14,0
2022-06-16,2.53E+14,2.53E+14,2.53E+14,2.53E+14,0
2022-06-15,2.53E+14,2.53E+14,2.53E+14,2.53E+14,0
2022-06-14,2.53E+14,2.53E+14,2.53E+14,2.53E+14,0
2022-06-13,2.50E+14,2.50E+14,2.50E+14,2.50E+14,0
2022-06-12,2.50E+14,2.50E+14,2.50E+14,2.50E+14,0
2022-06-11,2.50E+14,2.50E+14,2.50E+14,2.50E+14,0
2022-06-10,2.50E+14,2.50E+14,2.50E+14,2.50E+14,0
2022-06-09,2.50E+14,2.50E+14,2.50E+14,2.50E+14,0
2022-06-08,2.50E+14,2.50E+14,2.50E+14,2.50E+14,0
2022-06-07,2.50E+14,2.50E+14,2.50E+14,2.50E+14,0
2022-06-06,2.50E+14,2.50E+14,2.50E+14,2.50E+14,0
2022-06-05,2.50E+14,2.50E+14,2.50E+14,2.50E+14,0
2022-06-04,2.50E+14,2.50E+14,2.50E+14,2.50E+14,0
2022-06-03,2.50E+14,2.50E+14,2.50E+14,2.50E+14,0
2022-06-02,2.50E+14,2.50E+14,2.50E+14,2.50E+14,0
2022-06-01,2.50E+14,2.50E+14,2.50E+14,2.50E+14,0
2022-05-31,2.50E+14,2.50E+14,2.50E+14,2.50E+14,0
2022-05-30,2.50E+14,2.50E+14,2.50E+14,2.50E+14,0
2022-05-29,2.50E+14,2.50E+14,2.50E+14,2.50E+14,0
2022-05-28,2.50E+14,2.50E+14,2.50E+14,2.50E+14,0
2022-05-27,2.50E+14,2.50E+14,2.50E+14,2.50E+14,0
2022-05-26,2.50E+14,2.50E+14,2.50E+14,2.50E+14,0
2022-05-25,2.50E+14,2.50E+14,2.50E+14,2.50E+14,0
2022-05-24,2.50E+14,2.50E+14,2.50E+14,2.50E+14,0
2022-05-23,2.50E+14,2.50E+14,2.50E+14,2.50E+14,0
2022-05-22,2.50E+14,2.50E+14,2.50E+14,2.50E+14,0
2022-05-21,2.50E+14,2.50E+14,2.50E+14,2.50E+14,0
2022-05-20,2.50E+14,2.50E+14,2.50E+14,2.50E+14,0
2022-05-19,2.50E+14,2.50E+14,2.50E+14,2.50E+14,0
2022-05-18,2.50E+14,2.50E+14,2.50E+14,2.50E+14,0
2022-05-17,2.50E+14,2.50E+14,2.50E+14,2.50E+14,0
2022-05-16,2.50E+14,2.50E+14,2.50E+14,2.50E+14,0
2022-05-15,2.50E+14,2.50E+14,2.50E+14,2.50E+14,0
2022-05-14,2.50E+14,2.50E+14,2.50E+14,2.50E+14,0
2022-05-13,2.50E+14,2.50E+14,2.50E+14,2.50E+14,0
2022-05-12,2.50E+14,2.50E+14,2.50E+14,2.50E+14,0
2022-05-11,2.50E+14,2.50E+14,2.50E+14,2.50E+14,0
2022-05-10,2.50E+14,2.50E+14,2.50E+14,2.50E+14,0
2022-05-09,2.50E+14,2.50E+14,2.50E+14,2.50E+14,0
2022-05-08,2.50E+14,2.50E+14,2.50E+14,2.50E+14,0
2022-05-07,2.50E+14,2.50E+14,2.50E+14,2.50E+14,0
2022-05-06,2.50E+14,2.50E+14,2.50E+14,2.50E+14,0
2022-05-05,2.50E+14,2.50E+14,2.50E+14,2.50E+14,0
2022-05-04,2.50E+14,2.50E+14,2.50E+14,2.50E+14,0
2022-05-03,2.50E+14,2.50E+14,2.50E+14,2.50E+14,0
2022-05-02,2.50E+14,2.50E+14,2.50E+14,2.50E+14,0
2022-05-01,2.50E+14,2.50E+14,2.50E+14,2.50E+14,0
2022-04-30,2.50E+14,2.50E+14,2.50E+14,2.50E+14,0
2022-04-29,2.50E+14,2.50E+14,2.50E+14,2.50E+14,0
2022-04-28,2.50E+14,2.50E+14,2.50E+14,2.50E+14,0
2022-04-27,2.50E+14,2.50E+14,2.50E+14,2.50E+14,0
2022-04-26,2.50E+14,2.50E+14,2.50E+14,2.50E+14,0
2022-04-25,2.50E+14,2.50E+14,2.50E+14,2.50E+14,0
2022-04-24,2.50E+14,2.50E+14,2.50E+14,2.50E+14,0
2022-04-23,2.50E+14,2.50E+14,2.50E+14,2.50E+14,0
2022-04-22,2.50E+14,2.50E+14,2.50E+14,2.50E+14,0
2022-04-21,2.50E+14,2.50E+14,2.50E+14,2.50E+14,0
2022-04-20,2.50E+14,2.50E+14,2.50E+14,2.50E+14,0
2022-04-19,2.50E+14,2.50E+14,2.50E+14,2.50E+14,0
2022-04-18,2.50E+14,2.50E+14,2.50E+14,2.50E+14,0
2022-04-17,2.50E+14,2.50E+14,2.50E+14,2.50E+14,0
2022-04-16,2.50E+14,2.50E+14,2.50E+14,2.50E+14,0
2022-04-15,2.50E+14,2.50E+14,2.50E+14,2.50E+14,0
2022-04-14,2.50E+14,2.50E+14,2.50E+14,2.50E+14,0
2022-04-13,2.44E+14,2.44E+14,2.44E+14,2.44E+14,0
2022-04-12,2.44E+14,2.44E+14,2.44E+14,2.44E+14,0
2022-04-11,2.44E+14,2.44E+14,2.44E+14,2.44E+14,0
2022-04-10,2.44E+14,2.44E+14,2.44E+14,2.44E+14,0
2022-04-09,2.44E+14,2.44E+14,2.44E+14,2.44E+14,0
2022-04-08,2.44E+14,2.44E+14,2.44E+14,2.44E+14,0
2022-04-07,2.44E+14,2.44E+14,2.44E+14,2.44E+14,0
2022-04-06,2.44E+14,2.44E+14,2.44E+14,2.44E+14,0
2022-04-05,2.44E+14,2.44E+14,2.44E+14,2.44E+14,0
2022-04-04,2.44E+14,2.44E+14,2.44E+14,2.44E+14,0
2022-04-03,2.44E+14,2.44E+14,2.44E+14,2.44E+14,0
2022-04-02,2.44E+14,2.44E+14,2.44E+14,2.44E+14,0
2022-04-01,2.44E+14,2.44E+14,2.44E+14,2.44E+14,0
2022-03-31,2.44E+14,2.44E+14,2.44E+14,2.44E+14,0
2022-03-30,2.44E+14,2.44E+14,2.44E+14,2.44E+14,0
2022-03-29,2.44E+14,2.44E+14,2.44E+14,2.44E+14,0
2022-03-28,2.44E+14,2.44E+14,2.44E+14,2.44E+14,0
2022-03-27,2.44E+14,2.44E+14,2.44E+14,2.44E+14,0
2022-03-26,2.44E+14,2.44E+14,2.44E+14,2.44E+14,0
2022-03-25,2.44E+14,2.44E+14,2.44E+14,2.44E+14,0
2022-03-24,2.44E+14,2.44E+14,2.44E+14,2.44E+14,0
2022-03-23,2.44E+14,2.44E+14,2.44E+14,2.44E+14,0
2022-03-22,2.44E+14,2.44E+14,2.44E+14,2.44E+14,0
2022-03-21,2.44E+14,2.44E+14,2.44E+14,2.44E+14,0
2022-03-20,2.44E+14,2.44E+14,2.44E+14,2.44E+14,0
2022-03-19,2.44E+14,2.44E+14,2.44E+14,2.44E+14,0
2022-03-18,2.44E+14,2.44E+14,2.44E+14,2.44E+14,0
2022-03-17,2.44E+14,2.44E+14,2.44E+14,2.44E+14,0
2022-03-16,2.44E+14,2.44E+14,2.44E+14,2.44E+14,0
2022-03-15,2.44E+14,2.44E+14,2.44E+14,2.44E+14,0
2022-03-14,2.44E+14,2.44E+14,2.44E+14,2.44E+14,0
2022-03-13,2.43E+14,2.43E+14,2.43E+14,2.43E+14,0
2022-03-12,2.43E+14,2.43E+14,2.43E+14,2.43E+14,0
2022-03-11,2.43E+14,2.43E+14,2.43E+14,2.43E+14,0
2022-03-10,2.43E+14,2.43E+14,2.43E+14,2.43E+14,0
2022-03-09,2.43E+14,2.43E+14,2.43E+14,2.43E+14,0
2022-03-08,2.43E+14,2.43E+14,2.43E+14,2.43E+14,0
2022-03-07,2.43E+14,2.43E+14,2.43E+14,2.43E+14,0
2022-03-06,2.43E+14,2.43E+14,2.43E+14,2.43E+14,0
2022-03-05,2.43E+14,2.43E+14,2.43E+14,2.43E+14,0
2022-03-04,2.43E+14,2.43E+14,2.43E+14,2.43E+14,0
2022-03-03,2.43E+14,2.43E+14,2.43E+14,2.43E+14,0
2022-03-02,2.43E+14,2.43E+14,2.43E+14,2.43E+14,0
2022-03-01,2.43E+14,2.43E+14,2.43E+14,2.43E+14,0
2022-02-28,2.43E+14,2.43E+14,2.43E+14,2.43E+14,0
2022-02-27,2.43E+14,2.43E+14,2.43E+14,2.43E+14,0
2022-02-26,2.43E+14,2.43E+14,2.43E+14,2.43E+14,0
2022-02-25,2.43E+14,2.43E+14,2.43E+14,2.43E+14,0
2022-02-24,2.43E+14,2.43E+14,2.43E+14,2.43E+14,0
2022-02-23,2.43E+14,2.43E+14,2.43E+14,2.43E+14,0
2022-02-22,2.43E+14,2.43E+14,2.43E+14,2.43E+14,0
2022-02-21,2.43E+14,2.43E+14,2.43E+14,2.43E+14,0
2022-02-20,2.43E+14,2.43E+14,2.43E+14,2.43E+14,0
2022-02-19,2.43E+14,2.43E+14,2.43E+14,2.43E+14,0
2022-02-18,2.43E+14,2.43E+14,2.43E+14,2.43E+14,0
2022-02-17,2.43E+14,2.43E+14,2.43E+14,2.43E+14,0
2022-02-16,2.43E+14,2.43E+14,2.43E+14,2.43E+14,0
2022-02-15,2.43E+14,2.43E+14,2.43E+14,2.43E+14,0
2022-02-14,2.43E+14,2.43E+14,2.43E+14,2.43E+14,0
2022-02-13,2.38E+14,2.38E+14,2.38E+14,2.38E+14,0
2022-02-12,2.38E+14,2.38E+14,2.38E+14,2.38E+14,0
2022-02-11,2.38E+14,2.38E+14,2.38E+14,2.38E+14,0
2022-02-10,2.38E+14,2.38E+14,2.38E+14,2.38E+14,0
2022-02-09,2.38E+14,2.38E+14,2.38E+14,2.38E+14,0
2022-02-08,2.38E+14,2.38E+14,2.38E+14,2.38E+14,0
2022-02-07,2.38E+14,2.38E+14,2.38E+14,2.38E+14,0
2022-02-06,2.38E+14,2.38E+14,2.38E+14,2.38E+14,0
2022-02-05,2.38E+14,2.38E+14,2.38E+14,2.38E+14,0
2022-02-04,2.38E+14,2.38E+14,2.38E+14,2.38E+14,0
2022-02-03,2.38E+14,2.38E+14,2.38E+14,2.38E+14,0
2022-02-02,2.38E+14,2.38E+14,2.38E+14,2.38E+14,0
2022-02-01,2.38E+14,2.38E+14,2.38E+14,2.38E+14,0
2022-01-31,2.38E+14,2.38E+14,2.38E+14,2.38E+14,0
2022-01-30,2.38E+14,2.38E+14,2.38E+14,2.38E+14,0
2022-01-29,2.38E+14,2.38E+14,2.38E+14,2.38E+14,0
2022-01-28,2.38E+14,2.38E+14,2.38E+14,2.38E+14,0
2022-01-27,2.38E+14,2.38E+14,2.38E+14,2.38E+14,0
2022-01-26,2.38E+14,2.38E+14,2.38E+14,2.38E+14,0
2022-01-25,2.38E+14,2.38E+14,2.38E+14,2.38E+14,0
2022-01-24,2.38E+14,2.38E+14,2.38E+14,2.38E+14,0
2022-01-23,2.38E+14,2.38E+14,2.38E+14,2.38E+14,0
2022-01-22,2.38E+14,2.38E+14,2.38E+14,2.38E+14,0
2022-01-21,2.38E+14,2.38E+14,2.38E+14,2.38E+14,0
2022-01-20,2.38E+14,2.38E+14,2.38E+14,2.38E+14,0
2022-01-19,2.38E+14,2.38E+14,2.38E+14,2.38E+14,0
2022-01-18,2.38E+14,2.38E+14,2.38E+14,2.38E+14,0
2022-01-17,2.38E+14,2.38E+14,2.38E+14,2.38E+14,0
2022-01-16,2.38E+14,2.38E+14,2.38E+14,2.38E+14,0
2022-01-15,2.38E+14,2.38E+14,2.38E+14,2.38E+14,0
2022-01-14,2.38E+14,2.38E+14,2.38E+14,2.38E+14,0
2022-01-13,2.36E+14,2.36E+14,2.36E+14,2.36E+14,0
2022-01-12,2.36E+14,2.36E+14,2.36E+14,2.36E+14,0
2022-01-11,2.36E+14,2.36E+14,2.36E+14,2.36E+14,0
2022-01-10,2.36E+14,2.36E+14,2.36E+14,2.36E+14,0
2022-01-09,2.36E+14,2.36E+14,2.36E+14,2.36E+14,0
2022-01-08,2.36E+14,2.36E+14,2.36E+14,2.36E+14,0
2022-01-07,2.36E+14,2.36E+14,2.36E+14,2.36E+14,0
2022-01-06,2.36E+14,2.36E+14,2.36E+14,2.36E+14,0
2022-01-05,2.36E+14,2.36E+14,2.36E+14,2.36E+14,0
2022-01-04,2.36E+14,2.36E+14,2.36E+14,2.36E+14,0
2022-01-03,2.36E+14,2.36E+14,2.36E+14,2.36E+14,0
2022-01-02,2.36E+14,2.36E+14,2.36E+14,2.36E+14,0
2022-01-01,2.36E+14,2.36E+14,2.36E+14,2.36E+14,0
2021-12-31,2.36E+14,2.36E+14,2.36E+14,2.36E+14,0
2021-12-30,2.36E+14,2.36E+14,2.36E+14,2.36E+14,0
2021-12-29,2.36E+14,2.36E+14,2.36E+14,2.36E+14,0
2021-12-28,2.36E+14,2.36E+14,2.36E+14,2.36E+14,0
2021-12-27,2.36E+14,2.36E+14,2.36E+14,2.36E+14,0
2021-12-26,2.36E+14,2.36E+14,2.36E+14,2.36E+14,0
2021-12-25,2.36E+14,2.36E+14,2.36E+14,2.36E+14,0
2021-12-24,2.36E+14,2.36E+14,2.36E+14,2.36E+14,0
2021-12-23,2.36E+14,2.36E+14,2.36E+14,2.36E+14,0
2021-12-22,2.36E+14,2.36E+14,2.36E+14,2.36E+14,0
2021-12-21,2.36E+14,2.36E+14,2.36E+14,2.36E+14,0
2021-12-20,2.36E+14,2.36E+14,2.36E+14,2.36E+14,0
2021-12-19,2.36E+14,2.36E+14,2.36E+14,2.36E+14,0
2021-12-18,2.36E+14,2.36E+14,2.36E+14,2.36E+14,0
2021-12-17,2.36E+14,2.36E+14,2.36E+14,2.36E+14,0
2021-12-16,2.36E+14,2.36E+14,2.36E+14,2.36E+14,0
2021-12-15,2.36E+14,2.36E+14,2.36E+14,2.36E+14,0
2021-12-14,2.36E+14,2.36E+14,2.36E+14,2.36E+14,0
2021-12-13,2.34E+14,2.34E+14,2.34E+14,2.34E+14,0
2021-12-12,2.34E+14,2.34E+14,2.34E+14,2.34E+14,0
2021-12-11,2.34E+14,2.34E+14,2.34E+14,2.34E+14,0
2021-12-10,2.34E+14,2.34E+14,2.34E+14,2.34E+14,0
2021-12-09,2.34E+14,2.34E+14,2.34E+14,2.34E+14,0
2021-12-08,2.34E+14,2.34E+14,2.34E+14,2.34E+14,0
2021-12-07,2.34E+14,2.34E+14,2.34E+14,2.34E+14,0
2021-12-06,2.34E+14,2.34E+14,2.34E+14,2.34E+14,0
2021-12-05,2.34E+14,2.34E+14,2.34E+14,2.34E+14,0
2021-12-04,2.34E+14,2.34E+14,2.34E+14,2.34E+14,0
2021-12-03,2.34E+14,2.34E+14,2.34E+14,2.34E+14,0
2021-12-02,2.34E+14,2.34E+14,2.34E+14,2.34E+14,0
2021-12-01,2.34E+14,2.34E+14,2.34E+14,2.34E+14,0
2021-11-30,2.34E+14,2.34E+14,2.34E+14,2.34E+14,0
2021-11-29,2.34E+14,2.34E+14,2.34E+14,2.34E+14,0
2021-11-28,2.34E+14,2.34E+14,2.34E+14,2.34E+14,0
2021-11-27,2.34E+14,2.34E+14,2.34E+14,2.34E+14,0
2021-11-26,2.34E+14,2.34E+14,2.34E+14,2.34E+14,0
2021-11-25,2.34E+14,2.34E+14,2.34E+14,2.34E+14,0
2021-11-24,2.34E+14,2.34E+14,2.34E+14,2.34E+14,0
2021-11-23,2.34E+14,2.34E+14,2.34E+14,2.34E+14,0
2021-11-22,2.34E+14,2.34E+14,2.34E+14,2.34E+14,0
2021-11-21,2.34E+14,2.34E+14,2.34E+14,2.34E+14,0
2021-11-20,2.34E+14,2.34E+14,2.34E+14,2.34E+14,0
2021-11-19,2.34E+14,2.34E+14,2.34E+14,2.34E+14,0
2021-11-18,2.34E+14,2.34E+14,2.34E+14,2.34E+14,0
2021-11-17,2.34E+14,2.34E+14,2.34E+14,2.34E+14,0
2021-11-16,2.34E+14,2.34E+14,2.34E+14,2.34E+14,0
2021-11-15,2.34E+14,2.34E+14,2.34E+14,2.34E+14,0
2021-11-14,2.34E+14,2.34E+14,2.34E+14,2.34E+14,0
2021-11-13,2.34E+14,2.34E+14,2.34E+14,2.34E+14,0
2021-11-12,2.34E+14,2.34E+14,2.34E+14,2.34E+14,0
2021-11-11,2.34E+14,2.34E+14,2.34E+14,2.34E+14,0
2021-11-10,2.34E+14,2.34E+14,2.34E+14,2.34E+14,0
2021-11-09,2.34E+14,2.34E+14,2.34E+14,2.34E+14,0
2021-11-08,2.34E+14,2.34E+14,2.34E+14,2.34E+14,0
2021-11-07,2.34E+14,2.34E+14,2.34E+14,2.34E+14,0
2021-11-06,2.34E+14,2.34E+14,2.34E+14,2.34E+14,0
2021-11-05,2.34E+14,2.34E+14,2.34E+14,2.34E+14,0
2021-11-04,2.34E+14,2.34E+14,2.34E+14,2.34E+14,0
2021-11-03,2.34E+14,2.34E+14,2.34E+14,2.34E+14,0
2021-11-02,2.34E+14,2.34E+14,2.34E+14,2.34E+14,0
2021-11-01,2.34E+14,2.34E+14,2.34E+14,2.34E+14,0
2021-10-31,2.34E+14,2.34E+14,2.34E+14,2.34E+14,0
2021-10-30,2.34E+14,2.34E+14,2.34E+14,2.34E+14,0
2021-10-29,2.34E+14,2.34E+14,2.34E+14,2.34E+14,0
2021-10-28,2.34E+14,2.34E+14,2.34E+14,2.34E+14,0
2021-10-27,2.34E+14,2.34E+14,2.34E+14,2.34E+14,0
2021-10-26,2.34E+14,2.34E+14,2.34E+14,2.34E+14,0
2021-10-25,2.34E+14,2.34E+14,2.34E+14,2.34E+14,0
2021-10-24,2.34E+14,2.34E+14,2.34E+14,2.34E+14,0
2021-10-23,2.34E+14,2.34E+14,2.34E+14,2.34E+14,0
2021-10-22,2.34E+14,2.34E+14,2.34E+14,2.34E+14,0
2021-10-21,2.34E+14,2.34E+14,2.34E+14,2.34E+14,0
2021-10-20,2.34E+14,2.34E+14,2.34E+14,2.34E+14,0
2021-10-19,2.34E+14,2.34E+14,2.34E+14,2.34E+14,0
2021-10-18,2.34E+14,2.34E+14,2.34E+14,2.34E+14,0
2021-10-17,2.34E+14,2.34E+14,2.34E+14,2.34E+14,0
2021-10-16,2.34E+14,2.34E+14,2.34E+14,2.34E+14,0
2021-10-15,2.34E+14,2.34E+14,2.34E+14,2.34E+14,0
2021-10-14,2.34E+14,2.34E+14,2.34E+14,2.34E+14,0
2021-10-13,2.31E+14,2.31E+14,2.31E+14,2.31E+14,0
2021-10-12,2.31E+14,2.31E+14,2.31E+14,2.31E+14,0
2021-10-11,2.31E+14,2.31E+14,2.31E+14,2.31E+14,0
2021-10-10,2.31E+14,2.31E+14,2.31E+14,2.31E+14,0
2021-10-09,2.31E+14,2.31E+14,2.31E+14,2.31E+14,0
2021-10-08,2.31E+14,2.31E+14,2.31E+14,2.31E+14,0
2021-10-07,2.31E+14,2.31E+14,2.31E+14,2.31E+14,0
2021-10-06,2.31E+14,2.31E+14,2.31E+14,2.31E+14,0
2021-10-05,2.31E+14,2.31E+14,2.31E+14,2.31E+14,0
2021-10-04,2.31E+14,2.31E+14,2.31E+14,2.31E+14,0
2021-10-03,2.31E+14,2.31E+14,2.31E+14,2.31E+14,0
2021-10-02,2.31E+14,2.31E+14,2.31E+14,2.31E+14,0
2021-10-01,2.31E+14,2.31E+14,2.31E+14,2.31E+14,0
2021-09-30,2.31E+14,2.31E+14,2.31E+14,2.31E+14,0
2021-09-29,2.31E+14,2.31E+14,2.31E+14,2.31E+14,0
2021-09-28,2.31E+14,2.31E+14,2.31E+14,2.31E+14,0
2021-09-27,2.31E+14,2.31E+14,2.31E+14,2.31E+14,0
2021-09-26,2.31E+14,2.31E+14,2.31E+14,2.31E+14,0
2021-09-25,2.31E+14,2.31E+14,2.31E+14,2.31E+14,0
2021-09-24,2.31E+14,2.31E+14,2.31E+14,2.31E+14,0
2021-09-23,2.31E+14,2.31E+14,2.31E+14,2.31E+14,0
2021-09-22,2.31E+14,2.31E+14,2.31E+14,2.31E+14,0
2021-09-21,2.31E+14,2.31E+14,2.31E+14,2.31E+14,0
2021-09-20,2.31E+14,2.31E+14,2.31E+14,2.31E+14,0
2021-09-19,2.31E+14,2.31E+14,2.31E+14,2.31E+14,0
2021-09-18,2.31E+14,2.31E+14,2.31E+14,2.31E+14,0
2021-09-17,2.31E+14,2.31E+14,2.31E+14,2.31E+14,0
2021-09-16,2.31E+14,2.31E+14,2.31E+14,2.31E+14,0
2021-09-15,2.31E+14,2.31E+14,2.31E+14,2.31E+14,0
2021-09-14,2.31E+14,2.31E+14,2.31E+14,2.31E+14,0
2021-09-13,2.30E+14,2.30E+14,2.30E+14,2.30E+14,0
2021-09-12,2.30E+14,2.30E+14,2.30E+14,2.30E+14,0
2021-09-11,2.30E+14,2.30E+14,2.30E+14,2.30E+14,0
2021-09-10,2.30E+14,2.30E+14,2.30E+14,2.30E+14,0
2021-09-09,2.30E+14,2.30E+14,2.30E+14,2.30E+14,0
2021-09-08,2.30E+14,2.30E+14,2.30E+14,2.30E+14,0
2021-09-07,2.30E+14,2.30E+14,2.30E+14,2.30E+14,0
2021-09-06,2.30E+14,2.30E+14,2.30E+14,2.30E+14,0
2021-09-05,2.30E+14,2.30E+14,2.30E+14,2.30E+14,0
2021-09-04,2.30E+14,2.30E+14,2.30E+14,2.30E+14,0
2021-09-03,2.30E+14,2.30E+14,2.30E+14,2.30E+14,0
2021-09-02,2.30E+14,2.30E+14,2.30E+14,2.30E+14,0
2021-09-01,2.30E+14,2.30E+14,2.30E+14,2.30E+14,0
2021-08-31,2.30E+14,2.30E+14,2.30E+14,2.30E+14,0
2021-08-30,2.30E+14,2.30E+14,2.30E+14,2.30E+14,0
2021-08-29,2.30E+14,2.30E+14,2.30E+14,2.30E+14,0
2021-08-28,2.30E+14,2.30E+14,2.30E+14,2.30E+14,0
2021-08-27,2.30E+14,2.30E+14,2.30E+14,2.30E+14,0
2021-08-26,2.30E+14,2.30E+14,2.30E+14,2.30E+14,0
2021-08-25,2.30E+14,2.30E+14,2.30E+14,2.30E+14,0
2021-08-24,2.30E+14,2.30E+14,2.30E+14,2.30E+14,0
2021-08-23,2.30E+14,2.30E+14,2.30E+14,2.30E+14,0
2021-08-22,2.30E+14,2.30E+14,2.30E+14,2.30E+14,0
2021-08-21,2.30E+14,2.30E+14,2.30E+14,2.30E+14,0
2021-08-20,2.30E+14,2.30E+14,2.30E+14,2.30E+14,0
2021-08-19,2.30E+14,2.30E+14,2.30E+14,2.30E+14,0
2021-08-18,2.30E+14,2.30E+14,2.30E+14,2.30E+14,0
2021-08-17,2.30E+14,2.30E+14,2.30E+14,2.30E+14,0
2021-08-16,2.30E+14,2.30E+14,2.30E+14,2.30E+14,0
2021-08-15,2.30E+14,2.30E+14,2.30E+14,2.30E+14,0
2021-08-14,2.30E+14,2.30E+14,2.30E+14,2.30E+14,0
2021-08-13,2.32E+14,2.32E+14,2.32E+14,2.32E+14,0
2021-08-12,2.32E+14,2.32E+14,2.32E+14,2.32E+14,0
2021-08-11,2.32E+14,2.32E+14,2.32E+14,2.32E+14,0
2021-08-10,2.32E+14,2.32E+14,2.32E+14,2.32E+14,0
2021-08-09,2.32E+14,2.32E+14,2.32E+14,2.32E+14,0
2021-08-08,2.32E+14,2.32E+14,2.32E+14,2.32E+14,0
2021-08-07,2.32E+14,2.32E+14,2.32E+14,2.32E+14,0
2021-08-06,2.32E+14,2.32E+14,2.32E+14,2.32E+14,0
2021-08-05,2.32E+14,2.32E+14,2.32E+14,2.32E+14,0
2021-08-04,2.32E+14,2.32E+14,2.32E+14,2.32E+14,0
2021-08-03,2.32E+14,2.32E+14,2.32E+14,2.32E+14,0
2021-08-02,2.32E+14,2.32E+14,2.32E+14,2.32E+14,0
2021-08-01,2.32E+14,2.32E+14,2.32E+14,2.32E+14,0
2021-07-31,2.32E+14,2.32E+14,2.32E+14,2.32E+14,0
2021-07-30,2.32E+14,2.32E+14,2.32E+14,2.32E+14,0
2021-07-29,2.32E+14,2.32E+14,2.32E+14,2.32E+14,0
2021-07-28,2.32E+14,2.32E+14,2.32E+14,2.32E+14,0
2021-07-27,2.32E+14,2.32E+14,2.32E+14,2.32E+14,0
2021-07-26,2.32E+14,2.32E+14,2.32E+14,2.32E+14,0
2021-07-25,2.32E+14,2.32E+14,2.32E+14,2.32E+14,0
2021-07-24,2.32E+14,2.32E+14,2.32E+14,2.32E+14,0
2021-07-23,2.32E+14,2.32E+14,2.32E+14,2.32E+14,0
2021-07-22,2.32E+14,2.32E+14,2.32E+14,2.32E+14,0
2021-07-21,2.32E+14,2.32E+14,2.32E+14,2.32E+14,0
2021-07-20,2.32E+14,2.32E+14,2.32E+14,2.32E+14,0
2021-07-19,2.32E+14,2.32E+14,2.32E+14,2.32E+14,0
2021-07-18,2.32E+14,2.32E+14,2.32E+14,2.32E+14,0
2021-07-17,2.32E+14,2.32E+14,2.32E+14,2.32E+14,0
2021-07-16,2.32E+14,2.32E+14,2.32E+14,2.32E+14,0
2021-07-15,2.32E+14,2.32E+14,2.32E+14,2.32E+14,0
2021-07-14,2.32E+14,2.32E+14,2.32E+14,2.32E+14,0
2021-07-13,2.28E+14,2.28E+14,2.28E+14,2.28E+14,0
2021-07-12,2.28E+14,2.28E+14,2.28E+14,2.28E+14,0
2021-07-11,2.28E+14,2.28E+14,2.28E+14,2.28E+14,0
2021-07-10,2.28E+14,2.28E+14,2.28E+14,2.28E+14,0
2021-07-09,2.28E+14,2.28E+14,2.28E+14,2.28E+14,0
2021-07-08,2.28E+14,2.28E+14,2.28E+14,2.28E+14,0
2021-07-07,2.28E+14,2.28E+14,2.28E+14,2.28E+14,0
2021-07-06,2.28E+14,2.28E+14,2.28E+14,2.28E+14,0
2021-07-05,2.28E+14,2.28E+14,2.28E+14,2.28E+14,0
2021-07-04,2.28E+14,2.28E+14,2.28E+14,2.28E+14,0
2021-07-03,2.28E+14,2.28E+14,2.28E+14,2.28E+14,0
2021-07-02,2.28E+14,2.28E+14,2.28E+14,2.28E+14,0
2021-07-01,2.28E+14,2.28E+14,2.28E+14,2.28E+14,0
2021-06-30,2.28E+14,2.28E+14,2.28E+14,2.28E+14,0
2021-06-29,2.28E+14,2.28E+14,2.28E+14,2.28E+14,0
2021-06-28,2.28E+14,2.28E+14,2.28E+14,2.28E+14,0
2021-06-27,2.28E+14,2.28E+14,2.28E+14,2.28E+14,0
2021-06-26,2.28E+14,2.28E+14,2.28E+14,2.28E+14,0
2021-06-25,2.28E+14,2.28E+14,2.28E+14,2.28E+14,0
2021-06-24,2.28E+14,2.28E+14,2.28E+14,2.28E+14,0
2021-06-23,2.28E+14,2.28E+14,2.28E+14,2.28E+14,0
2021-06-22,2.28E+14,2.28E+14,2.28E+14,2.28E+14,0
2021-06-21,2.28E+14,2.28E+14,2.28E+14,2.28E+14,0
2021-06-20,2.28E+14,2.28E+14,2.28E+14,2.28E+14,0
2021-06-19,2.28E+14,2.28E+14,2.28E+14,2.28E+14,0
2021-06-18,2.28E+14,2.28E+14,2.28E+14,2.28E+14,0
2021-06-17,2.28E+14,2.28E+14,2.28E+14,2.28E+14,0
2021-06-16,2.28E+14,2.28E+14,2.28E+14,2.28E+14,0
2021-06-15,2.28E+14,2.28E+14,2.28E+14,2.28E+14,0
2021-06-14,2.28E+14,2.28E+14,2.28E+14,2.28E+14,0
2021-06-13,2.26E+14,2.26E+14,2.26E+14,2.26E+14,0
2021-06-12,2.26E+14,2.26E+14,2.26E+14,2.26E+14,0
2021-06-11,2.26E+14,2.26E+14,2.26E+14,2.26E+14,0
2021-06-10,2.26E+14,2.26E+14,2.26E+14,2.26E+14,0
2021-06-09,2.26E+14,2.26E+14,2.26E+14,2.26E+14,0
2021-06-08,2.26E+14,2.26E+14,2.26E+14,2.26E+14,0
2021-06-07,2.26E+14,2.26E+14,2.26E+14,2.26E+14,0
2021-06-06,2.26E+14,2.26E+14,2.26E+14,2.26E+14,0
2021-06-05,2.26E+14,2.26E+14,2.26E+14,2.26E+14,0
2021-06-04,2.26E+14,2.26E+14,2.26E+14,2.26E+14,0
2021-06-03,2.26E+14,2.26E+14,2.26E+14,2.26E+14,0
2021-06-02,2.26E+14,2.26E+14,2.26E+14,2.26E+14,0
2021-06-01,2.26E+14,2.26E+14,2.26E+14,2.26E+14,0
2021-05-31,2.26E+14,2.26E+14,2.26E+14,2.26E+14,0
2021-05-30,2.26E+14,2.26E+14,2.26E+14,2.26E+14,0
2021-05-29,2.26E+14,2.26E+14,2.26E+14,2.26E+14,0
2021-05-28,2.26E+14,2.26E+14,2.26E+14,2.26E+14,0
2021-05-27,2.26E+14,2.26E+14,2.26E+14,2.26E+14,0
2021-05-26,2.26E+14,2.26E+14,2.26E+14,2.26E+14,0
2021-05-25,2.26E+14,2.26E+14,2.26E+14,2.26E+14,0
2021-05-24,2.26E+14,2.26E+14,2.26E+14,2.26E+14,0
2021-05-23,2.26E+14,2.26E+14,2.26E+14,2.26E+14,0
2021-05-22,2.26E+14,2.26E+14,2.26E+14,2.26E+14,0
2021-05-21,2.26E+14,2.26E+14,2.26E+14,2.26E+14,0
2021-05-20,2.26E+14,2.26E+14,2.26E+14,2.26E+14,0
2021-05-19,2.26E+14,2.26E+14,2.26E+14,2.26E+14,0
2021-05-18,2.26E+14,2.26E+14,2.26E+14,2.26E+14,0
2021-05-17,2.26E+14,2.26E+14,2.26E+14,2.26E+14,0
2021-05-16,2.26E+14,2.26E+14,2.26E+14,2.26E+14,0
2021-05-15,2.26E+14,2.26E+14,2.26E+14,2.26E+14,0
2021-05-14,2.26E+14,2.26E+14,2.26E+14,2.26E+14,0
2021-05-13,2.28E+14,2.28E+14,2.28E+14,2.28E+14,0
2021-05-12,2.28E+14,2.28E+14,2.28E+14,2.28E+14,0
2021-05-11,2.28E+14,2.28E+14,2.28E+14,2.28E+14,0
2021-05-10,2.28E+14,2.28E+14,2.28E+14,2.28E+14,0
2021-05-09,2.28E+14,2.28E+14,2.28E+14,2.28E+14,0
2021-05-08,2.28E+14,2.28E+14,2.28E+14,2.28E+14,0
2021-05-07,2.28E+14,2.28E+14,2.28E+14,2.28E+14,0
2021-05-06,2.28E+14,2.28E+14,2.28E+14,2.28E+14,0
2021-05-05,2.28E+14,2.28E+14,2.28E+14,2.28E+14,0
2021-05-04,2.28E+14,2.28E+14,2.28E+14,2.28E+14,0
2021-05-03,2.28E+14,2.28E+14,2.28E+14,2.28E+14,0
2021-05-02,2.28E+14,2.28E+14,2.28E+14,2.28E+14,0
2021-05-01,2.28E+14,2.28E+14,2.28E+14,2.28E+14,0
2021-04-30,2.28E+14,2.28E+14,2.28E+14,2.28E+14,0
2021-04-29,2.28E+14,2.28E+14,2.28E+14,2.28E+14,0
2021-04-28,2.28E+14,2.28E+14,2.28E+14,2.28E+14,0
2021-04-27,2.28E+14,2.28E+14,2.28E+14,2.28E+14,0
2021-04-26,2.28E+14,2.28E+14,2.28E+14,2.28E+14,0
2021-04-25,2.28E+14,2.28E+14,2.28E+14,2.28E+14,0
2021-04-24,2.28E+14,2.28E+14,2.28E+14,2.28E+14,0
2021-04-23,2.28E+14,2.28E+14,2.28E+14,2.28E+14,0
2021-04-22,2.28E+14,2.28E+14,2.28E+14,2.28E+14,0
2021-04-21,2.28E+14,2.28E+14,2.28E+14,2.28E+14,0
2021-04-20,2.28E+14,2.28E+14,2.28E+14,2.28E+14,0
2021-04-19,2.28E+14,2.28E+14,2.28E+14,2.28E+14,0
2021-04-18,2.28E+14,2.28E+14,2.28E+14,2.28E+14,0
2021-04-17,2.28E+14,2.28E+14,2.28E+14,2.28E+14,0
2021-04-16,2.28E+14,2.28E+14,2.28E+14,2.28E+14,0
2021-04-15,2.28E+14,2.28E+14,2.28E+14,2.28E+14,0
2021-04-14,2.28E+14,2.28E+14,2.28E+14,2.28E+14,0
2021-04-13,2.24E+14,2.24E+14,2.24E+14,2.24E+14,0
2021-04-12,2.24E+14,2.24E+14,2.24E+14,2.24E+14,0
2021-04-11,2.24E+14,2.24E+14,2.24E+14,2.24E+14,0
2021-04-10,2.24E+14,2.24E+14,2.24E+14,2.24E+14,0
2021-04-09,2.24E+14,2.24E+14,2.24E+14,2.24E+14,0
2021-04-08,2.24E+14,2.24E+14,2.24E+14,2.24E+14,0
2021-04-07,2.24E+14,2.24E+14,2.24E+14,2.24E+14,0
2021-04-06,2.24E+14,2.24E+14,2.24E+14,2.24E+14,0
2021-04-05,2.24E+14,2.24E+14,2.24E+14,2.24E+14,0
2021-04-04,2.24E+14,2.24E+14,2.24E+14,2.24E+14,0
2021-04-03,2.24E+14,2.24E+14,2.24E+14,2.24E+14,0
2021-04-02,2.24E+14,2.24E+14,2.24E+14,2.24E+14,0
2021-04-01,2.24E+14,2.24E+14,2.24E+14,2.24E+14,0
2021-03-31,2.24E+14,2.24E+14,2.24E+14,2.24E+14,0
2021-03-30,2.24E+14,2.24E+14,2.24E+14,2.24E+14,0
2021-03-29,2.24E+14,2.24E+14,2.24E+14,2.24E+14,0
2021-03-28,2.24E+14,2.24E+14,2.24E+14,2.24E+14,0
2021-03-27,2.24E+14,2.24E+14,2.24E+14,2.24E+14,0
2021-03-26,2.24E+14,2.24E+14,2.24E+14,2.24E+14,0
2021-03-25,2.24E+14,2.24E+14,2.24E+14,2.24E+14,0
2021-03-24,2.24E+14,2.24E+14,2.24E+14,2.24E+14,0
2021-03-23,2.24E+14,2.24E+14,2.24E+14,2.24E+14,0
2021-03-22,2.24E+14,2.24E+14,2.24E+14,2.24E+14,0
2021-03-21,2.24E+14,2.24E+14,2.24E+14,2.24E+14,0
2021-03-20,2.24E+14,2.24E+14,2.24E+14,2.24E+14,0
2021-03-19,2.24E+14,2.24E+14,2.24E+14,2.24E+14,0
2021-03-18,2.24E+14,2.24E+14,2.24E+14,2.24E+14,0
2021-03-17,2.24E+14,2.24E+14,2.24E+14,2.24E+14,0
2021-03-16,2.24E+14,2.24E+14,2.24E+14,2.24E+14,0
2021-03-15,2.24E+14,2.24E+14,2.24E+14,2.24E+14,0
2021-03-14,2.24E+14,2.24E+14,2.24E+14,2.24E+14,0
2021-03-13,2.21E+14,2.21E+14,2.21E+14,2.21E+14,0
2021-03-12,2.21E+14,2.21E+14,2.21E+14,2.21E+14,0
2021-03-11,2.21E+14,2.21E+14,2.21E+14,2.21E+14,0
2021-03-10,2.21E+14,2.21E+14,2.21E+14,2.21E+14,0
2021-03-09,2.21E+14,2.21E+14,2.21E+14,2.21E+14,0
2021-03-08,2.21E+14,2.21E+14,2.21E+14,2.21E+14,0
2021-03-07,2.21E+14,2.21E+14,2.21E+14,2.21E+14,0
2021-03-06,2.21E+14,2.21E+14,2.21E+14,2.21E+14,0
2021-03-05,2.21E+14,2.21E+14,2.21E+14,2.21E+14,0
2021-03-04,2.21E+14,2.21E+14,2.21E+14,2.21E+14,0
2021-03-03,2.21E+14,2.21E+14,2.21E+14,2.21E+14,0
2021-03-02,2.21E+14,2.21E+14,2.21E+14,2.21E+14,0
2021-03-01,2.21E+14,2.21E+14,2.21E+14,2.21E+14,0
2021-02-28,2.21E+14,2.21E+14,2.21E+14,2.21E+14,0
2021-02-27,2.21E+14,2.21E+14,2.21E+14,2.21E+14,0
2021-02-26,2.21E+14,2.21E+14,2.21E+14,2.21E+14,0
2021-02-25,2.21E+14,2.21E+14,2.21E+14,2.21E+14,0
2021-02-24,2.21E+14,2.21E+14,2.21E+14,2.21E+14,0
2021-02-23,2.21E+14,2.21E+14,2.21E+14,2.21E+14,0
2021-02-22,2.21E+14,2.21E+14,2.21E+14,2.21E+14,0
2021-02-21,2.21E+14,2.21E+14,2.21E+14,2.21E+14,0
2021-02-20,2.21E+14,2.21E+14,2.21E+14,2.21E+14,0
2021-02-19,2.21E+14,2.21E+14,2.21E+14,2.21E+14,0
2021-02-18,2.21E+14,2.21E+14,2.21E+14,2.21E+14,0
2021-02-17,2.21E+14,2.21E+14,2.21E+14,2.21E+14,0
2021-02-16,2.21E+14,2.21E+14,2.21E+14,2.21E+14,0
2021-02-15,2.21E+14,2.21E+14,2.21E+14,2.21E+14,0
2021-02-14,2.21E+14,2.21E+14,2.21E+14,2.21E+14,0
2021-02-13,2.19E+14,2.19E+14,2.19E+14,2.19E+14,0
2021-02-12,2.19E+14,2.19E+14,2.19E+14,2.19E+14,0
2021-02-11,2.19E+14,2.19E+14,2.19E+14,2.19E+14,0
2021-02-10,2.19E+14,2.19E+14,2.19E+14,2.19E+14,0
2021-02-09,2.19E+14,2.19E+14,2.19E+14,2.19E+14,0
2021-02-08,2.19E+14,2.19E+14,2.19E+14,2.19E+14,0
2021-02-07,2.19E+14,2.19E+14,2.19E+14,2.19E+14,0
2021-02-06,2.19E+14,2.19E+14,2.19E+14,2.19E+14,0
2021-02-05,2.19E+14,2.19E+14,2.19E+14,2.19E+14,0
2021-02-04,2.19E+14,2.19E+14,2.19E+14,2.19E+14,0
2021-02-03,2.19E+14,2.19E+14,2.19E+14,2.19E+14,0
2021-02-02,2.19E+14,2.19E+14,2.19E+14,2.19E+14,0
2021-02-01,2.19E+14,2.19E+14,2.19E+14,2.19E+14,0
2021-01-31,2.19E+14,2.19E+14,2.19E+14,2.19E+14,0
2021-01-30,2.19E+14,2.19E+14,2.19E+14,2.19E+14,0
2021-01-29,2.19E+14,2.19E+14,2.19E+14,2.19E+14,0
2021-01-28,2.19E+14,2.19E+14,2.19E+14,2.19E+14,0
2021-01-27,2.19E+14,2.19E+14,2.19E+14,2.19E+14,0
2021-01-26,2.19E+14,2.19E+14,2.19E+14,2.19E+14,0
2021-01-25,2.19E+14,2.19E+14,2.19E+14,2.19E+14,0
2021-01-24,2.19E+14,2.19E+14,2.19E+14,2.19E+14,0
2021-01-23,2.19E+14,2.19E+14,2.19E+14,2.19E+14,0
2021-01-22,2.19E+14,2.19E+14,2.19E+14,2.19E+14,0
2021-01-21,2.19E+14,2.19E+14,2.19E+14,2.19E+14,0
2021-01-20,2.19E+14,2.19E+14,2.19E+14,2.19E+14,0
2021-01-19,2.19E+14,2.19E+14,2.19E+14,2.19E+14,0
2021-01-18,2.19E+14,2.19E+14,2.19E+14,2.19E+14,0
2021-01-17,2.19E+14,2.19E+14,2.19E+14,2.19E+14,0
2021-01-16,2.19E+14,2.19E+14,2.19E+14,2.19E+14,0
2021-01-15,2.19E+14,2.19E+14,2.19E+14,2.19E+14,0
2021-01-14,2.19E+14,2.19E+14,2.19E+14,2.19E+14,0
2021-01-13,2.17E+14,2.17E+14,2.17E+14,2.17E+14,0
2021-01-12,2.17E+14,2.17E+14,2.17E+14,2.17E+14,0
2021-01-11,2.17E+14,2.17E+14,2.17E+14,2.17E+14,0
2021-01-10,2.17E+14,2.17E+14,2.17E+14,2.17E+14,0
2021-01-09,2.17E+14,2.17E+14,2.17E+14,2.17E+14,0
2021-01-08,2.17E+14,2.17E+14,2.17E+14,2.17E+14,0
2021-01-07,2.17E+14,2.17E+14,2.17E+14,2.17E+14,0
2021-01-06,2.17E+14,2.17E+14,2.17E+14,2.17E+14,0
2021-01-05,2.17E+14,2.17E+14,2.17E+14,2.17E+14,0
2021-01-04,2.17E+14,2.17E+14,2.17E+14,2.17E+14,0
2021-01-03,2.17E+14,2.17E+14,2.17E+14,2.17E+14,0
2021-01-02,2.17E+14,2.17E+14,2.17E+14,2.17E+14,0
2021-01-01,2.17E+14,2.17E+14,2.17E+14,2.17E+14,0
2020-12-31,2.17E+14,2.17E+14,2.17E+14,2.17E+14,0
2020-12-30,2.17E+14,2.17E+14,2.17E+14,2.17E+14,0
2020-12-29,2.17E+14,2.17E+14,2.17E+14,2.17E+14,0
2020-12-28,2.17E+14,2.17E+14,2.17E+14,2.17E+14,0
2020-12-27,2.17E+14,2.17E+14,2.17E+14,2.17E+14,0
2020-12-26,2.17E+14,2.17E+14,2.17E+14,2.17E+14,0
2020-12-25,2.17E+14,2.17E+14,2.17E+14,2.17E+14,0
2020-12-24,2.17E+14,2.17E+14,2.17E+14,2.17E+14,0
2020-12-23,2.17E+14,2.17E+14,2.17E+14,2.17E+14,0
2020-12-22,2.17E+14,2.17E+14,2.17E+14,2.17E+14,0
2020-12-21,2.17E+14,2.17E+14,2.17E+14,2.17E+14,0
2020-12-20,2.17E+14,2.17E+14,2.17E+14,2.17E+14,0
2020-12-19,2.17E+14,2.17E+14,2.17E+14,2.17E+14,0
2020-12-18,2.17E+14,2.17E+14,2.17E+14,2.17E+14,0
2020-12-17,2.17E+14,2.17E+14,2.17E+14,2.17E+14,0
2020-12-16,2.17E+14,2.17E+14,2.17E+14,2.17E+14,0
2020-12-15,2.17E+14,2.17E+14,2.17E+14,2.17E+14,0
2020-12-14,2.17E+14,2.17E+14,2.17E+14,2.17E+14,0
2020-12-13,2.15E+14,2.15E+14,2.15E+14,2.15E+14,0
2020-12-12,2.15E+14,2.15E+14,2.15E+14,2.15E+14,0
2020-12-11,2.15E+14,2.15E+14,2.15E+14,2.15E+14,0
2020-12-10,2.15E+14,2.15E+14,2.15E+14,2.15E+14,0
2020-12-09,2.15E+14,2.15E+14,2.15E+14,2.15E+14,0
2020-12-08,2.15E+14,2.15E+14,2.15E+14,2.15E+14,0
2020-12-07,2.15E+14,2.15E+14,2.15E+14,2.15E+14,0
2020-12-06,2.15E+14,2.15E+14,2.15E+14,2.15E+14,0
2020-12-05,2.15E+14,2.15E+14,2.15E+14,2.15E+14,0
2020-12-04,2.15E+14,2.15E+14,2.15E+14,2.15E+14,0
2020-12-03,2.15E+14,2.15E+14,2.15E+14,2.15E+14,0
2020-12-02,2.15E+14,2.15E+14,2.15E+14,2.15E+14,0
2020-12-01,2.15E+14,2.15E+14,2.15E+14,2.15E+14,0
2020-11-30,2.15E+14,2.15E+14,2.15E+14,2.15E+14,0
2020-11-29,2.15E+14,2.15E+14,2.15E+14,2.15E+14,0
2020-11-28,2.15E+14,2.15E+14,2.15E+14,2.15E+14,0
2020-11-27,2.15E+14,2.15E+14,2.15E+14,2.15E+14,0
2020-11-26,2.15E+14,2.15E+14,2.15E+14,2.15E+14,0
2020-11-25,2.15E+14,2.15E+14,2.15E+14,2.15E+14,0
2020-11-24,2.15E+14,2.15E+14,2.15E+14,2.15E+14,0
2020-11-23,2.15E+14,2.15E+14,2.15E+14,2.15E+14,0
2020-11-22,2.15E+14,2.15E+14,2.15E+14,2.15E+14,0
2020-11-21,2.15E+14,2.15E+14,2.15E+14,2.15E+14,0
2020-11-20,2.15E+14,2.15E+14,2.15E+14,2.15E+14,0
2020-11-19,2.15E+14,2.15E+14,2.15E+14,2.15E+14,0
2020-11-18,2.15E+14,2.15E+14,2.15E+14,2.15E+14,0
2020-11-17,2.15E+14,2.15E+14,2.15E+14,2.15E+14,0
2020-11-16,2.15E+14,2.15E+14,2.15E+14,2.15E+14,0
2020-11-15,2.15E+14,2.15E+14,2.15E+14,2.15E+14,0
2020-11-14,2.15E+14,2.15E+14,2.15E+14,2.15E+14,0
2020-11-13,2.16E+14,2.16E+14,2.16E+14,2.16E+14,0
2020-11-12,2.16E+14,2.16E+14,2.16E+14,2.16E+14,0
2020-11-11,2.16E+14,2.16E+14,2.16E+14,2.16E+14,0
2020-11-10,2.16E+14,2.16E+14,2.16E+14,2.16E+14,0
2020-11-09,2.16E+14,2.16E+14,2.16E+14,2.16E+14,0
2020-11-08,2.16E+14,2.16E+14,2.16E+14,2.16E+14,0
2020-11-07,2.16E+14,2.16E+14,2.16E+14,2.16E+14,0
2020-11-06,2.16E+14,2.16E+14,2.16E+14,2.16E+14,0
2020-11-05,2.16E+14,2.16E+14,2.16E+14,2.16E+14,0
2020-11-04,2.16E+14,2.16E+14,2.16E+14,2.16E+14,0
2020-11-03,2.16E+14,2.16E+14,2.16E+14,2.16E+14,0
2020-11-02,2.16E+14,2.16E+14,2.16E+14,2.16E+14,0
2020-11-01,2.16E+14,2.16E+14,2.16E+14,2.16E+14,0
2020-10-31,2.16E+14,2.16E+14,2.16E+14,2.16E+14,0
2020-10-30,2.16E+14,2.16E+14,2.16E+14,2.16E+14,0
2020-10-29,2.16E+14,2.16E+14,2.16E+14,2.16E+14,0
2020-10-28,2.16E+14,2.16E+14,2.16E+14,2.16E+14,0
2020-10-27,2.16E+14,2.16E+14,2.16E+14,2.16E+14,0
2020-10-26,2.16E+14,2.16E+14,2.16E+14,2.16E+14,0
2020-10-25,2.16E+14,2.16E+14,2.16E+14,2.16E+14,0
2020-10-24,2.16E+14,2.16E+14,2.16E+14,2.16E+14,0
2020-10-23,2.16E+14,2.16E+14,2.16E+14,2.16E+14,0
2020-10-22,2.16E+14,2.16E+14,2.16E+14,2.16E+14,0
2020-10-21,2.16E+14,2.16E+14,2.16E+14,2.16E+14,0
2020-10-20,2.16E+14,2.16E+14,2.16E+14,2.16E+14,0
2020-10-19,2.16E+14,2.16E+14,2.16E+14,2.16E+14,0
2020-10-18,2.16E+14,2.16E+14,2.16E+14,2.16E+14,0
2020-10-17,2.16E+14,2.16E+14,2.16E+14,2.16E+14,0
2020-10-16,2.16E+14,2.16E+14,2.16E+14,2.16E+14,0
2020-10-15,2.16E+14,2.16E+14,2.16E+14,2.16E+14,0
2020-10-14,2.16E+14,2.16E+14,2.16E+14,2.16E+14,0
2020-10-13,2.14E+14,2.14E+14,2.14E+14,2.14E+14,0
2020-10-12,2.14E+14,2.14E+14,2.14E+14,2.14E+14,0
2020-10-11,2.14E+14,2.14E+14,2.14E+14,2.14E+14,0
2020-10-10,2.14E+14,2.14E+14,2.14E+14,2.14E+14,0
2020-10-09,2.14E+14,2.14E+14,2.14E+14,2.14E+14,0
2020-10-08,2.14E+14,2.14E+14,2.14E+14,2.14E+14,0
2020-10-07,2.14E+14,2.14E+14,2.14E+14,2.14E+14,0
2020-10-06,2.14E+14,2.14E+14,2.14E+14,2.14E+14,0
2020-10-05,2.14E+14,2.14E+14,2.14E+14,2.14E+14,0
2020-10-04,2.14E+14,2.14E+14,2.14E+14,2.14E+14,0
2020-10-03,2.14E+14,2.14E+14,2.14E+14,2.14E+14,0
2020-10-02,2.14E+14,2.14E+14,2.14E+14,2.14E+14,0
2020-10-01,2.14E+14,2.14E+14,2.14E+14,2.14E+14,0
2020-09-30,2.14E+14,2.14E+14,2.14E+14,2.14E+14,0
2020-09-29,2.14E+14,2.14E+14,2.14E+14,2.14E+14,0
2020-09-28,2.14E+14,2.14E+14,2.14E+14,2.14E+14,0
2020-09-27,2.14E+14,2.14E+14,2.14E+14,2.14E+14,0
2020-09-26,2.14E+14,2.14E+14,2.14E+14,2.14E+14,0
2020-09-25,2.14E+14,2.14E+14,2.14E+14,2.14E+14,0
2020-09-24,2.14E+14,2.14E+14,2.14E+14,2.14E+14,0
2020-09-23,2.14E+14,2.14E+14,2.14E+14,2.14E+14,0
2020-09-22,2.14E+14,2.14E+14,2.14E+14,2.14E+14,0
2020-09-21,2.14E+14,2.14E+14,2.14E+14,2.14E+14,0
2020-09-20,2.14E+14,2.14E+14,2.14E+14,2.14E+14,0
2020-09-19,2.14E+14,2.14E+14,2.14E+14,2.14E+14,0
2020-09-18,2.14E+14,2.14E+14,2.14E+14,2.14E+14,0
2020-09-17,2.14E+14,2.14E+14,2.14E+14,2.14E+14,0
2020-09-16,2.14E+14,2.14E+14,2.14E+14,2.14E+14,0
2020-09-15,2.14E+14,2.14E+14,2.14E+14,2.14E+14,0
2020-09-14,2.14E+14,2.14E+14,2.14E+14,2.14E+14,0
2020-09-13,2.13E+14,2.13E+14,2.13E+14,2.13E+14,0
2020-09-12,2.13E+14,2.13E+14,2.13E+14,2.13E+14,0
2020-09-11,2.13E+14,2.13E+14,2.13E+14,2.13E+14,0
2020-09-10,2.13E+14,2.13E+14,2.13E+14,2.13E+14,0
2020-09-09,2.13E+14,2.13E+14,2.13E+14,2.13E+14,0
2020-09-08,2.13E+14,2.13E+14,2.13E+14,2.13E+14,0
2020-09-07,2.13E+14,2.13E+14,2.13E+14,2.13E+14,0
2020-09-06,2.13E+14,2.13E+14,2.13E+14,2.13E+14,0
2020-09-05,2.13E+14,2.13E+14,2.13E+14,2.13E+14,0
2020-09-04,2.13E+14,2.13E+14,2.13E+14,2.13E+14,0
2020-09-03,2.13E+14,2.13E+14,2.13E+14,2.13E+14,0
2020-09-02,2.13E+14,2.13E+14,2.13E+14,2.13E+14,0
2020-09-01,2.13E+14,2.13E+14,2.13E+14,2.13E+14,0
2020-08-31,2.13E+14,2.13E+14,2.13E+14,2.13E+14,0
2020-08-30,2.13E+14,2.13E+14,2.13E+14,2.13E+14,0
2020-08-29,2.13E+14,2.13E+14,2.13E+14,2.13E+14,0
2020-08-28,2.13E+14,2.13E+14,2.13E+14,2.13E+14,0
2020-08-27,2.13E+14,2.13E+14,2.13E+14,2.13E+14,0
2020-08-26,2.13E+14,2.13E+14,2.13E+14,2.13E+14,0
2020-08-25,2.13E+14,2.13E+14,2.13E+14,2.13E+14,0
2020-08-24,2.13E+14,2.13E+14,2.13E+14,2.13E+14,0
2020-08-23,2.13E+14,2.13E+14,2.13E+14,2.13E+14,0
2020-08-22,2.13E+14,2.13E+14,2.13E+14,2.13E+14,0
2020-08-21,2.13E+14,2.13E+14,2.13E+14,2.13E+14,0
2020-08-20,2.13E+14,2.13E+14,2.13E+14,2.13E+14,0
2020-08-19,2.13E+14,2.13E+14,2.13E+14,2.13E+14,0
2020-08-18,2.13E+14,2.13E+14,2.13E+14,2.13E+14,0
2020-08-17,2.13E+14,2.13E+14,2.13E+14,2.13E+14,0
2020-08-16,2.13E+14,2.13E+14,2.13E+14,2.13E+14,0
2020-08-15,2.13E+14,2.13E+14,2.13E+14,2.13E+14,0
2020-08-14,2.13E+14,2.13E+14,2.13E+14,2.13E+14,0
2020-08-13,2.13E+14,2.13E+14,2.13E+14,2.13E+14,0
2020-08-12,2.13E+14,2.13E+14,2.13E+14,2.13E+14,0
2020-08-11,2.13E+14,2.13E+14,2.13E+14,2.13E+14,0
2020-08-10,2.13E+14,2.13E+14,2.13E+14,2.13E+14,0
2020-08-09,2.13E+14,2.13E+14,2.13E+14,2.13E+14,0
2020-08-08,2.13E+14,2.13E+14,2.13E+14,2.13E+14,0
2020-08-07,2.13E+14,2.13E+14,2.13E+14,2.13E+14,0
2020-08-06,2.13E+14,2.13E+14,2.13E+14,2.13E+14,0
2020-08-05,2.13E+14,2.13E+14,2.13E+14,2.13E+14,0
2020-08-04,2.13E+14,2.13E+14,2.13E+14,2.13E+14,0
2020-08-03,2.13E+14,2.13E+14,2.13E+14,2.13E+14,0
2020-08-02,2.13E+14,2.13E+14,2.13E+14,2.13E+14,0
2020-08-01,2.13E+14,2.13E+14,2.13E+14,2.13E+14,0
2020-07-31,2.13E+14,2.13E+14,2.13E+14,2.13E+14,0
2020-07-30,2.13E+14,2.13E+14,2.13E+14,2.13E+14,0
2020-07-29,2.13E+14,2.13E+14,2.13E+14,2.13E+14,0
2020-07-28,2.13E+14,2.13E+14,2.13E+14,2.13E+14,0
2020-07-27,2.13E+14,2.13E+14,2.13E+14,2.13E+14,0
2020-07-26,2.13E+14,2.13E+14,2.13E+14,2.13E+14,0
2020-07-25,2.13E+14,2.13E+14,2.13E+14,2.13E+14,0
2020-07-24,2.13E+14,2.13E+14,2.13E+14,2.13E+14,0
2020-07-23,2.13E+14,2.13E+14,2.13E+14,2.13E+14,0
2020-07-22,2.13E+14,2.13E+14,2.13E+14,2.13E+14,0
2020-07-21,2.13E+14,2.13E+14,2.13E+14,2.13E+14,0
2020-07-20,2.13E+14,2.13E+14,2.13E+14,2.13E+14,0
2020-07-19,2.13E+14,2.13E+14,2.13E+14,2.13E+14,0
2020-07-18,2.13E+14,2.13E+14,2.13E+14,2.13E+14,0
2020-07-17,2.13E+14,2.13E+14,2.13E+14,2.13E+14,0
2020-07-16,2.13E+14,2.13E+14,2.13E+14,2.13E+14,0
2020-07-15,2.13E+14,2.13E+14,2.13E+14,2.13E+14,0
2020-07-14,2.13E+14,2.13E+14,2.13E+14,2.13E+14,0
2020-07-13,2.10E+14,2.10E+14,2.10E+14,2.10E+14,0
2020-07-12,2.10E+14,2.10E+14,2.10E+14,2.10E+14,0
2020-07-11,2.10E+14,2.10E+14,2.10E+14,2.10E+14,0
2020-07-10,2.10E+14,2.10E+14,2.10E+14,2.10E+14,0
2020-07-09,2.10E+14,2.10E+14,2.10E+14,2.10E+14,0
2020-07-08,2.10E+14,2.10E+14,2.10E+14,2.10E+14,0
2020-07-07,2.10E+14,2.10E+14,2.10E+14,2.10E+14,0
2020-07-06,2.10E+14,2.10E+14,2.10E+14,2.10E+14,0
2020-07-05,2.10E+14,2.10E+14,2.10E+14,2.10E+14,0
2020-07-04,2.10E+14,2.10E+14,2.10E+14,2.10E+14,0
2020-07-03,2.10E+14,2.10E+14,2.10E+14,2.10E+14,0
2020-07-02,2.10E+14,2.10E+14,2.10E+14,2.10E+14,0
2020-07-01,2.10E+14,2.10E+14,2.10E+14,2.10E+14,0
2020-06-30,2.10E+14,2.10E+14,2.10E+14,2.10E+14,0
2020-06-29,2.10E+14,2.10E+14,2.10E+14,2.10E+14,0
2020-06-28,2.10E+14,2.10E+14,2.10E+14,2.10E+14,0
2020-06-27,2.10E+14,2.10E+14,2.10E+14,2.10E+14,0
2020-06-26,2.10E+14,2.10E+14,2.10E+14,2.10E+14,0
2020-06-25,2.10E+14,2.10E+14,2.10E+14,2.10E+14,0
2020-06-24,2.10E+14,2.10E+14,2.10E+14,2.10E+14,0
2020-06-23,2.10E+14,2.10E+14,2.10E+14,2.10E+14,0
2020-06-22,2.10E+14,2.10E+14,2.10E+14,2.10E+14,0
2020-06-21,2.10E+14,2.10E+14,2.10E+14,2.10E+14,0
2020-06-20,2.10E+14,2.10E+14,2.10E+14,2.10E+14,0
2020-06-19,2.10E+14,2.10E+14,2.10E+14,2.10E+14,0
2020-06-18,2.10E+14,2.10E+14,2.10E+14,2.10E+14,0
2020-06-17,2.10E+14,2.10E+14,2.10E+14,2.10E+14,0
2020-06-16,2.10E+14,2.10E+14,2.10E+14,2.10E+14,0
2020-06-15,2.10E+14,2.10E+14,2.10E+14,2.10E+14,0
2020-06-14,2.10E+14,2.10E+14,2.10E+14,2.10E+14,0
2020-06-13,2.09E+14,2.09E+14,2.09E+14,2.09E+14,0
2020-06-12,2.09E+14,2.09E+14,2.09E+14,2.09E+14,0
2020-06-11,2.09E+14,2.09E+14,2.09E+14,2.09E+14,0
2020-06-10,2.09E+14,2.09E+14,2.09E+14,2.09E+14,0
2020-06-09,2.09E+14,2.09E+14,2.09E+14,2.09E+14,0
2020-06-08,2.09E+14,2.09E+14,2.09E+14,2.09E+14,0
2020-06-07,2.09E+14,2.09E+14,2.09E+14,2.09E+14,0
2020-06-06,2.09E+14,2.09E+14,2.09E+14,2.09E+14,0
2020-06-05,2.09E+14,2.09E+14,2.09E+14,2.09E+14,0
2020-06-04,2.09E+14,2.09E+14,2.09E+14,2.09E+14,0
2020-06-03,2.09E+14,2.09E+14,2.09E+14,2.09E+14,0
2020-06-02,2.09E+14,2.09E+14,2.09E+14,2.09E+14,0
2020-06-01,2.09E+14,2.09E+14,2.09E+14,2.09E+14,0
2020-05-31,2.09E+14,2.09E+14,2.09E+14,2.09E+14,0
2020-05-30,2.09E+14,2.09E+14,2.09E+14,2.09E+14,0
2020-05-29,2.09E+14,2.09E+14,2.09E+14,2.09E+14,0
2020-05-28,2.09E+14,2.09E+14,2.09E+14,2.09E+14,0
2020-05-27,2.09E+14,2.09E+14,2.09E+14,2.09E+14,0
2020-05-26,2.09E+14,2.09E+14,2.09E+14,2.09E+14,0
2020-05-25,2.09E+14,2.09E+14,2.09E+14,2.09E+14,0
2020-05-24,2.09E+14,2.09E+14,2.09E+14,2.09E+14,0
2020-05-23,2.09E+14,2.09E+14,2.09E+14,2.09E+14,0
2020-05-22,2.09E+14,2.09E+14,2.09E+14,2.09E+14,0
2020-05-21,2.09E+14,2.09E+14,2.09E+14,2.09E+14,0
2020-05-20,2.09E+14,2.09E+14,2.09E+14,2.09E+14,0
2020-05-19,2.09E+14,2.09E+14,2.09E+14,2.09E+14,0
2020-05-18,2.09E+14,2.09E+14,2.09E+14,2.09E+14,0
2020-05-17,2.09E+14,2.09E+14,2.09E+14,2.09E+14,0
2020-05-16,2.09E+14,2.09E+14,2.09E+14,2.09E+14,0
2020-05-15,2.09E+14,2.09E+14,2.09E+14,2.09E+14,0
2020-05-14,2.09E+14,2.09E+14,2.09E+14,2.09E+14,0
2020-05-13,2.08E+14,2.08E+14,2.08E+14,2.08E+14,0
2020-05-12,2.08E+14,2.08E+14,2.08E+14,2.08E+14,0
2020-05-11,2.08E+14,2.08E+14,2.08E+14,2.08E+14,0
2020-05-10,2.08E+14,2.08E+14,2.08E+14,2.08E+14,0
2020-05-09,2.08E+14,2.08E+14,2.08E+14,2.08E+14,0
2020-05-08,2.08E+14,2.08E+14,2.08E+14,2.08E+14,0
2020-05-07,2.08E+14,2.08E+14,2.08E+14,2.08E+14,0
2020-05-06,2.08E+14,2.08E+14,2.08E+14,2.08E+14,0
2020-05-05,2.08E+14,2.08E+14,2.08E+14,2.08E+14,0
2020-05-04,2.08E+14,2.08E+14,2.08E+14,2.08E+14,0
2020-05-03,2.08E+14,2.08E+14,2.08E+14,2.08E+14,0
2020-05-02,2.08E+14,2.08E+14,2.08E+14,2.08E+14,0
2020-05-01,2.08E+14,2.08E+14,2.08E+14,2.08E+14,0
2020-04-30,2.08E+14,2.08E+14,2.08E+14,2.08E+14,0
2020-04-29,2.08E+14,2.08E+14,2.08E+14,2.08E+14,0
2020-04-28,2.08E+14,2.08E+14,2.08E+14,2.08E+14,0
2020-04-27,2.08E+14,2.08E+14,2.08E+14,2.08E+14,0
2020-04-26,2.08E+14,2.08E+14,2.08E+14,2.08E+14,0
2020-04-25,2.08E+14,2.08E+14,2.08E+14,2.08E+14,0
2020-04-24,2.08E+14,2.08E+14,2.08E+14,2.08E+14,0
2020-04-23,2.08E+14,2.08E+14,2.08E+14,2.08E+14,0
2020-04-22,2.08E+14,2.08E+14,2.08E+14,2.08E+14,0
2020-04-21,2.08E+14,2.08E+14,2.08E+14,2.08E+14,0
2020-04-20,2.08E+14,2.08E+14,2.08E+14,2.08E+14,0
2020-04-19,2.08E+14,2.08E+14,2.08E+14,2.08E+14,0
2020-04-18,2.08E+14,2.08E+14,2.08E+14,2.08E+14,0
2020-04-17,2.08E+14,2.08E+14,2.08E+14,2.08E+14,0
2020-04-16,2.08E+14,2.08E+14,2.08E+14,2.08E+14,0
2020-04-15,2.08E+14,2.08E+14,2.08E+14,2.08E+14,0
2020-04-14,2.08E+14,2.08E+14,2.08E+14,2.08E+14,0
2020-04-13,2.03E+14,2.03E+14,2.03E+14,2.03E+14,0
2020-04-12,2.03E+14,2.03E+14,2.03E+14,2.03E+14,0
2020-04-11,2.03E+14,2.03E+14,2.03E+14,2.03E+14,0
2020-04-10,2.03E+14,2.03E+14,2.03E+14,2.03E+14,0
2020-04-09,2.03E+14,2.03E+14,2.03E+14,2.03E+14,0
2020-04-08,2.03E+14,2.03E+14,2.03E+14,2.03E+14,0
2020-04-07,2.03E+14,2.03E+14,2.03E+14,2.03E+14,0
2020-04-06,2.03E+14,2.03E+14,2.03E+14,2.03E+14,0
2020-04-05,2.03E+14,2.03E+14,2.03E+14,2.03E+14,0
2020-04-04,2.03E+14,2.03E+14,2.03E+14,2.03E+14,0
2020-04-03,2.03E+14,2.03E+14,2.03E+14,2.03E+14,0
2020-04-02,2.03E+14,2.03E+14,2.03E+14,2.03E+14,0
2020-04-01,2.03E+14,2.03E+14,2.03E+14,2.03E+14,0
2020-03-31,2.03E+14,2.03E+14,2.03E+14,2.03E+14,0
2020-03-30,2.03E+14,2.03E+14,2.03E+14,2.03E+14,0
2020-03-29,2.03E+14,2.03E+14,2.03E+14,2.03E+14,0
2020-03-28,2.03E+14,2.03E+14,2.03E+14,2.03E+14,0
2020-03-27,2.03E+14,2.03E+14,2.03E+14,2.03E+14,0
2020-03-26,2.03E+14,2.03E+14,2.03E+14,2.03E+14,0
2020-03-25,2.03E+14,2.03E+14,2.03E+14,2.03E+14,0
2020-03-24,2.03E+14,2.03E+14,2.03E+14,2.03E+14,0
2020-03-23,2.03E+14,2.03E+14,2.03E+14,2.03E+14,0
2020-03-22,2.03E+14,2.03E+14,2.03E+14,2.03E+14,0
2020-03-21,2.03E+14,2.03E+14,2.03E+14,2.03E+14,0
2020-03-20,2.03E+14,2.03E+14,2.03E+14,2.03E+14,0
2020-03-19,2.03E+14,2.03E+14,2.03E+14,2.03E+14,0
2020-03-18,2.03E+14,2.03E+14,2.03E+14,2.03E+14,0
2020-03-17,2.03E+14,2.03E+14,2.03E+14,2.03E+14,0
2020-03-16,2.03E+14,2.03E+14,2.03E+14,2.03E+14,0
2020-03-15,2.03E+14,2.03E+14,2.03E+14,2.03E+14,0
2020-03-14,2.03E+14,2.03E+14,2.03E+14,2.03E+14,0
2020-03-13,2.02E+14,2.02E+14,2.02E+14,2.02E+14,0
2020-03-12,2.02E+14,2.02E+14,2.02E+14,2.02E+14,0
2020-03-11,2.02E+14,2.02E+14,2.02E+14,2.02E+14,0
2020-03-10,2.02E+14,2.02E+14,2.02E+14,2.02E+14,0
2020-03-09,2.02E+14,2.02E+14,2.02E+14,2.02E+14,0
2020-03-08,2.02E+14,2.02E+14,2.02E+14,2.02E+14,0
2020-03-07,2.02E+14,2.02E+14,2.02E+14,2.02E+14,0
2020-03-06,2.02E+14,2.02E+14,2.02E+14,2.02E+14,0
2020-03-05,2.02E+14,2.02E+14,2.02E+14,2.02E+14,0
2020-03-04,2.02E+14,2.02E+14,2.02E+14,2.02E+14,0
2020-03-03,2.02E+14,2.02E+14,2.02E+14,2.02E+14,0
2020-03-02,2.02E+14,2.02E+14,2.02E+14,2.02E+14,0
2020-03-01,2.02E+14,2.02E+14,2.02E+14,2.02E+14,0
2020-02-29,2.02E+14,2.02E+14,2.02E+14,2.02E+14,0
2020-02-28,2.02E+14,2.02E+14,2.02E+14,2.02E+14,0
2020-02-27,2.02E+14,2.02E+14,2.02E+14,2.02E+14,0
2020-02-26,2.02E+14,2.02E+14,2.02E+14,2.02E+14,0
2020-02-25,2.02E+14,2.02E+14,2.02E+14,2.02E+14,0
2020-02-24,2.02E+14,2.02E+14,2.02E+14,2.02E+14,0
2020-02-23,2.02E+14,2.02E+14,2.02E+14,2.02E+14,0
2020-02-22,2.02E+14,2.02E+14,2.02E+14,2.02E+14,0
2020-02-21,2.02E+14,2.02E+14,2.02E+14,2.02E+14,0
2020-02-20,2.02E+14,2.02E+14,2.02E+14,2.02E+14,0
2020-02-19,2.02E+14,2.02E+14,2.02E+14,2.02E+14,0
2020-02-18,2.02E+14,2.02E+14,2.02E+14,2.02E+14,0
2020-02-17,2.02E+14,2.02E+14,2.02E+14,2.02E+14,0
2020-02-16,2.02E+14,2.02E+14,2.02E+14,2.02E+14,0
2020-02-15,2.02E+14,2.02E+14,2.02E+14,2.02E+14,0
2020-02-14,2.02E+14,2.02E+14,2.02E+14,2.02E+14,0
2020-02-13,1.99E+14,1.99E+14,1.99E+14,1.99E+14,0
2020-02-12,1.99E+14,1.99E+14,1.99E+14,1.99E+14,0
2020-02-11,1.99E+14,1.99E+14,1.99E+14,1.99E+14,0
2020-02-10,1.99E+14,1.99E+14,1.99E+14,1.99E+14,0
2020-02-09,1.99E+14,1.99E+14,1.99E+14,1.99E+14,0
2020-02-08,1.99E+14,1.99E+14,1.99E+14,1.99E+14,0
2020-02-07,1.99E+14,1.99E+14,1.99E+14,1.99E+14,0
2020-02-06,1.99E+14,1.99E+14,1.99E+14,1.99E+14,0
2020-02-05,1.99E+14,1.99E+14,1.99E+14,1.99E+14,0
2020-02-04,1.99E+14,1.99E+14,1.99E+14,1.99E+14,0
2020-02-03,1.99E+14,1.99E+14,1.99E+14,1.99E+14,0
2020-02-02,1.99E+14,1.99E+14,1.99E+14,1.99E+14,0
2020-02-01,1.99E+14,1.99E+14,1.99E+14,1.99E+14,0
2020-01-31,1.99E+14,1.99E+14,1.99E+14,1.99E+14,0
2020-01-30,1.99E+14,1.99E+14,1.99E+14,1.99E+14,0
2020-01-29,1.99E+14,1.99E+14,1.99E+14,1.99E+14,0
2020-01-28,1.99E+14,1.99E+14,1.99E+14,1.99E+14,0
2020-01-27,1.99E+14,1.99E+14,1.99E+14,1.99E+14,0
2020-01-26,1.99E+14,1.99E+14,1.99E+14,1.99E+14,0
2020-01-25,1.99E+14,1.99E+14,1.99E+14,1.99E+14,0
2020-01-24,1.99E+14,1.99E+14,1.99E+14,1.99E+14,0
2020-01-23,1.99E+14,1.99E+14,1.99E+14,1.99E+14,0
2020-01-22,1.99E+14,1.99E+14,1.99E+14,1.99E+14,0
2020-01-21,1.99E+14,1.99E+14,1.99E+14,1.99E+14,0
2020-01-20,1.99E+14,1.99E+14,1.99E+14,1.99E+14,0
2020-01-19,1.99E+14,1.99E+14,1.99E+14,1.99E+14,0
2020-01-18,1.99E+14,1.99E+14,1.99E+14,1.99E+14,0
2020-01-17,1.99E+14,1.99E+14,1.99E+14,1.99E+14,0
2020-01-16,1.99E+14,1.99E+14,1.99E+14,1.99E+14,0
2020-01-15,1.99E+14,1.99E+14,1.99E+14,1.99E+14,0
2020-01-14,1.99E+14,1.99E+14,1.99E+14,1.99E+14,0
2020-01-13,1.99E+14,1.99E+14,1.99E+14,1.99E+14,0
2020-01-12,1.99E+14,1.99E+14,1.99E+14,1.99E+14,0
2020-01-11,1.99E+14,1.99E+14,1.99E+14,1.99E+14,0
2020-01-10,1.99E+14,1.99E+14,1.99E+14,1.99E+14,0
2020-01-09,1.99E+14,1.99E+14,1.99E+14,1.99E+14,0
2020-01-08,1.99E+14,1.99E+14,1.99E+14,1.99E+14,0
2020-01-07,1.99E+14,1.99E+14,1.99E+14,1.99E+14,0
2020-01-06,1.99E+14,1.99E+14,1.99E+14,1.99E+14,0
2020-01-05,1.99E+14,1.99E+14,1.99E+14,1.99E+14,0
2020-01-04,1.99E+14,1.99E+14,1.99E+14,1.99E+14,0
2020-01-03,1.99E+14,1.99E+14,1.99E+14,1.99E+14,0
2020-01-02,1.99E+14,1.99E+14,1.99E+14,1.99E+14,0
2020-01-01,1.99E+14,1.99E+14,1.99E+14,1.99E+14,0
