month,count,rank,word,frequency
2020-04,1,1,월봉,1
2020-04,1,2,음봉,1
2020-04,1,3,전환,1
2020-04,1,4,마감,1
2020-04,1,5,인정,1
2020-05,137,1,비트,16
2020-05,137,2,하락,12
2020-05,137,3,파동,11
2020-05,137,4,알트,10
2020-05,137,5,채널,10
2020-05,137,6,상승,8
2020-05,137,7,보고,7
2020-05,137,8,차트,6
2020-05,137,9,사람,6
2020-05,137,10,10k,6
2020-05,137,11,코인,5
2020-05,137,12,한번,5
2020-05,137,13,스탑,5
2020-05,137,14,자리,4
2020-05,137,15,하나,4
2020-05,137,16,저항,4
2020-05,137,17,이번,4
2020-05,137,18,사토시,4
2020-05,137,19,거래,4
2020-05,137,20,1분,4
2020-06,100,1,암호,44
2020-06,100,2,자산,43
2020-06,100,3,비트,21
2020-06,100,4,이익,17
2020-06,100,5,나스닥,14
2020-06,100,6,국세청,14
2020-06,100,7,소득,12
2020-06,100,8,과세,12
2020-06,100,9,교환,12
2020-06,100,10,비토,11
2020-06,100,11,투자,11
2020-06,100,12,리움,10
2020-06,100,13,비트코인,10
2020-06,100,14,구치,10
2020-06,100,15,가격,9
2020-06,100,16,다른,9
2020-06,100,17,화폐,9
2020-06,100,18,당시,9
2020-06,100,19,대해,9
2020-06,100,20,18년,8
2020-07,111,1,비트,17
2020-07,111,2,정신,12
2020-07,111,3,알트,10
2020-07,111,4,사람,6
2020-07,111,5,스탑,6
2020-07,111,6,코인,6
2020-07,111,7,하락,6
2020-07,111,8,리플,5
2020-07,111,9,상승,5
2020-07,111,10,비트코인,5
2020-07,111,11,세력,5
2020-07,111,12,나스닥,5
2020-07,111,13,에이,5
2020-07,111,14,가격,4
2020-07,111,15,매수,4
2020-07,111,16,1억,4
2020-07,111,17,오스,4
2020-07,111,18,거래소,4
2020-07,111,19,꼬리,3
2020-07,111,20,진입,3
2020-08,195,1,코인,22
2020-08,195,2,비트,21
2020-08,195,3,링크,18
2020-08,195,4,청산,12
2020-08,195,5,반등,10
2020-08,195,6,밴드,10
2020-08,195,7,알트,10
2020-08,195,8,리움,9
2020-08,195,9,디파이,7
2020-08,195,10,조정,7
2020-08,195,11,자리,6
2020-08,195,12,추세,6
2020-08,195,13,사람,5
2020-08,195,14,정신,5
2020-08,195,15,차트,5
2020-08,195,16,보고,5
2020-08,195,17,현물,5
2020-08,195,18,마진,5
2020-08,195,19,갑자기,5
2020-08,195,20,한번,5
2020-09,204,1,비트,37
2020-09,204,2,사람,18
2020-09,204,3,알트,17
2020-09,204,4,스시,12
2020-09,204,5,나스닥,11
2020-09,204,6,하락,11
2020-09,204,7,청산,10
2020-09,204,8,세탁기,10
2020-09,204,9,누나,9
2020-09,204,10,한번,9
2020-09,204,11,리플,8
2020-09,204,12,진입,8
2020-09,204,13,교사,8
2020-09,204,14,아버지,8
2020-09,204,15,코인,7
2020-09,204,16,바닥,7
2020-09,204,17,달러,7
2020-09,204,18,유니,6
2020-09,204,19,상승,6
2020-09,204,20,반등,6
2020-10,235,1,비트,37
2020-10,235,2,알트,27
2020-10,235,3,파일,16
2020-10,235,4,코인,8
2020-10,235,5,반등,8
2020-10,235,6,비캐,7
2020-10,235,7,그레이스케일,7
2020-10,235,8,유니,7
2020-10,235,9,이번,6
2020-10,235,10,지옥,6
2020-10,235,11,익절,6
2020-10,235,12,상승,6
2020-10,235,13,비트코인,6
2020-10,235,14,파이,6
2020-10,235,15,청산,5
2020-10,235,16,매도,5
2020-10,235,17,간다,5
2020-10,235,18,투자,5
2020-10,235,19,부터,4
2020-10,235,20,내년,4
2020-11,311,1,비트,53
2020-11,311,2,알트,27
2020-11,311,3,리플,25
2020-11,311,4,조정,14
2020-11,311,5,반등,10
2020-11,311,6,하락,9
2020-11,311,7,청산,9
2020-11,311,8,상승,9
2020-11,311,9,매수,8
2020-11,311,10,차트,8
2020-11,311,11,건가,8
2020-11,311,12,코인,7
2020-11,311,13,사람,6
2020-11,311,14,오스,6
2020-11,311,15,레버리지,6
2020-11,311,16,거래,6
2020-11,311,17,개미,6
2020-11,311,18,비캐,6
2020-11,311,19,배숏,6
2020-11,311,20,익절,6
2020-12,365,1,리플,67
2020-12,365,2,비트,47
2020-12,365,3,차트,20
2020-12,365,4,청산,18
2020-12,365,5,알트,15
2020-12,365,6,코인,14
2020-12,365,7,반등,14
2020-12,365,8,현물,11
2020-12,365,9,선물,10
2020-12,365,10,익절,9
2020-12,365,11,스시,9
2020-12,365,12,비트코인,9
2020-12,365,13,달러,9
2020-12,365,14,그래프,9
2020-12,365,15,이번,8
2020-12,365,16,건가,8
2020-12,365,17,하락,8
2020-12,365,18,타점,7
2020-12,365,19,하루,7
2020-12,365,20,스탑,7
2021-01,640,1,비트,460
2021-01,640,2,우지,86
2021-01,640,3,리플,32
2021-01,640,4,코인,32
2021-01,640,5,알트,32
2021-01,640,6,반등,29
2021-01,640,7,시드,24
2021-01,640,8,사람,23
2021-01,640,9,청산,23
2021-01,640,10,하락,22
2021-01,640,11,선물,22
2021-01,640,12,현물,21
2021-01,640,13,비트코인,20
2021-01,640,14,도지,18
2021-01,640,15,수익,18
2021-01,640,16,차트,17
2021-01,640,17,매수,17
2021-01,640,18,손실,17
2021-01,640,19,진입,16
2021-01,640,20,손절,16
2021-02,695,1,비트,88
2021-02,695,2,코인,59
2021-02,695,3,리플,36
2021-02,695,4,알트,34
2021-02,695,5,하락,34
2021-02,695,6,머스크,34
2021-02,695,7,보고,28
2021-02,695,8,도지,28
2021-02,695,9,차트,27
2021-02,695,10,수익,23
2021-02,695,11,시드,23
2021-02,695,12,사람,23
2021-02,695,13,한번,20
2021-02,695,14,청산,20
2021-02,695,15,펀비,20
2021-02,695,16,선물,18
2021-02,695,17,간다,18
2021-02,695,18,에이,17
2021-02,695,19,현물,17
2021-02,695,20,븐브,16
2021-03,814,1,비트,93
2021-03,814,2,어차피,72
2021-03,814,3,분석,54
2021-03,814,4,코인,53
2021-03,814,5,청산,45
2021-03,814,6,차트,43
2021-03,814,7,알트,42
2021-03,814,8,하락,38
2021-03,814,9,차관,35
2021-03,814,10,사람,34
2021-03,814,11,기재부,27
2021-03,814,12,반등,27
2021-03,814,13,선물,26
2021-03,814,14,비트코인,26
2021-03,814,15,현물,25
2021-03,814,16,안도,25
2021-03,814,17,네이버뉴스,24
2021-03,814,18,배구중계,22
2021-03,814,19,이억원,21
2021-03,814,20,상승,20
2021-04,883,1,비트,122
2021-04,883,2,코인,75
2021-04,883,3,리플,68
2021-04,883,4,도지,57
2021-04,883,5,김프,45
2021-04,883,6,차트,43
2021-04,883,7,청산,36
2021-04,883,8,알트,34
2021-04,883,9,사람,34
2021-04,883,10,시드,32
2021-04,883,11,비트코인,32
2021-04,883,12,양봉,27
2021-04,883,13,섹스,23
2021-04,883,14,매수,22
2021-04,883,15,하락,22
2021-04,883,16,현물,21
2021-04,883,17,반등,21
2021-04,883,18,하루,21
2021-04,883,19,한번,21
2021-04,883,20,상승,20
2021-05,721,1,비트,84
2021-05,721,2,코인,73
2021-05,721,3,도지,56
2021-05,721,4,차트,48
2021-05,721,5,반등,45
2021-05,721,6,청산,41
2021-05,721,7,하락,37
2021-05,721,8,머스크,37
2021-05,721,9,알트,28
2021-05,721,10,현물,23
2021-05,721,11,선물,23
2021-05,721,12,사람,22
2021-05,721,13,포지션,22
2021-05,721,14,시즌,21
2021-05,721,15,시드,21
2021-05,721,16,하루,20
2021-05,721,17,리플,20
2021-05,721,18,비트코인,20
2021-05,721,19,상승,19
2021-05,721,20,보고,19
2021-06,399,1,거래,82
2021-06,399,2,지원,75
2021-06,399,3,비트,52
2021-06,399,4,코인,33
2021-06,399,5,판단,30
2021-06,399,6,소명,29
2021-06,399,7,사유,25
2021-06,399,8,디지털,24
2021-06,399,9,중국,22
2021-06,399,10,당사,22
2021-06,399,11,자산,21
2021-06,399,12,기준,20
2021-06,399,13,최종,20
2021-06,399,14,역량,20
2021-06,399,15,매수,18
2021-06,399,16,차트,18
2021-06,399,17,사업,18
2021-06,399,18,평가,18
2021-06,399,19,미달,17
2021-06,399,20,청산,16
2021-07,313,1,비트,34
2021-07,313,2,사람,18
2021-07,313,3,상승,15
2021-07,313,4,차트,13
2021-07,313,5,추세,13
2021-07,313,6,선물,12
2021-07,313,7,하락,11
2021-07,313,8,게이,10
2021-07,313,9,자리,9
2021-07,313,10,바이,9
2021-07,313,11,포지션,9
2021-07,313,12,비트코인,9
2021-07,313,13,코인,8
2021-07,313,14,한번,8
2021-07,313,15,리플,8
2021-07,313,16,조정,8
2021-07,313,17,간다,8
2021-07,313,18,익절,8
2021-07,313,19,이유,7
2021-07,313,20,상장,7
2021-08,231,1,비트,15
2021-08,231,2,간다,14
2021-08,231,3,코인,14
2021-08,231,4,청산,13
2021-08,231,5,차트,9
2021-08,231,6,반등,9
2021-08,231,7,상승,9
2021-08,231,8,게이,9
2021-08,231,9,매수,9
2021-08,231,10,리플,8
2021-08,231,11,선물,8
2021-08,231,12,도지,8
2021-08,231,13,추세,7
2021-08,231,14,시즌,7
2021-08,231,15,광고,7
2021-08,231,16,익절,7
2021-08,231,17,조정,7
2021-08,231,18,우주,7
2021-08,231,19,시드,6
2021-08,231,20,자신,6
2021-09,235,1,비트,18
2021-09,235,2,코인,13
2021-09,235,3,파동,12
2021-09,235,4,하락,9
2021-09,235,5,수익,9
2021-09,235,6,간다,9
2021-09,235,7,추세,8
2021-09,235,8,하나,8
2021-09,235,9,차트,7
2021-09,235,10,청산,7
2021-09,235,11,9월,6
2021-09,235,12,익절,6
2021-09,235,13,상승,6
2021-09,235,14,고수,6
2021-09,235,15,선물,6
2021-09,235,16,사람,6
2021-09,235,17,수수료,6
2021-09,235,18,가능,5
2021-09,235,19,어디,5
2021-09,235,20,비트코인,5
2021-10,251,1,코인,34
2021-10,251,2,한글,29
2021-10,251,3,비트,21
2021-10,251,4,참가자,20
2021-10,251,5,언어,18
2021-10,251,6,사람,14
2021-10,251,7,알트,14
2021-10,251,8,nft,14
2021-10,251,9,차트,13
2021-10,251,10,인플레이션,12
2021-10,251,11,자리,11
2021-10,251,12,청산,11
2021-10,251,13,일부,11
2021-10,251,14,go,10
2021-10,251,15,게이,9
2021-10,251,16,선물,9
2021-10,251,17,예상,8
2021-10,251,18,메타,8
2021-10,251,19,참여,8
2021-10,251,20,지속,8
2021-11,159,1,비트,23
2021-11,159,2,청산,12
2021-11,159,3,반등,11
2021-11,159,4,하락,8
2021-11,159,5,거래,7
2021-11,159,6,코인,6
2021-11,159,7,간다,6
2021-11,159,8,사람,6
2021-11,159,9,악재,5
2021-11,159,10,시드,5
2021-11,159,11,차트,5
2021-11,159,12,조정,5
2021-11,159,13,상승,5
2021-11,159,14,1억,5
2021-11,159,15,18k,5
2021-11,159,16,4시간,4
2021-11,159,17,인생,4
2021-11,159,18,버튼,4
2021-11,159,19,수익,4
2021-11,159,20,바닥,4
2021-12,156,1,코인,17
2021-12,156,2,비트,11
2021-12,156,3,차트,9
2021-12,156,4,보고,8
2021-12,156,5,수익,7
2021-12,156,6,읍니,7
2021-12,156,7,손절,6
2021-12,156,8,청산,6
2021-12,156,9,상승,6
2021-12,156,10,하루,6
2021-12,156,11,사람,5
2021-12,156,12,양봉,5
2021-12,156,13,시드,5
2021-12,156,14,로스,5
2021-12,156,15,나스닥,5
2021-12,156,16,추세,5
2021-12,156,17,책상,5
2021-12,156,18,폭락,4
2021-12,156,19,비트코인,4
2021-12,156,20,알트,4
2022-01,179,1,하락,51
2022-01,179,2,방어,44
2022-01,179,3,뇨띠신이시,44
2022-01,179,4,당신,44
2022-01,179,5,크립,44
2022-01,179,6,토의,44
2022-01,179,7,신입,44
2022-01,179,8,인생,13
2022-01,179,9,매수,11
2022-01,179,10,사람,10
2022-01,179,11,비트,10
2022-01,179,12,현물,9
2022-01,179,13,코인,8
2022-01,179,14,본인,8
2022-01,179,15,반등,7
2022-01,179,16,한남드,7
2022-01,179,17,청산,7
2022-01,179,18,알트,6
2022-01,179,19,일단,6
2022-01,179,20,피자,6
2022-02,152,1,마냥,24
2022-02,152,2,기와,24
2022-02,152,3,비트,14
2022-02,152,4,코인,10
2022-02,152,5,반등,10
2022-02,152,6,하락,9
2022-02,152,7,청산,8
2022-02,152,8,나스닥,7
2022-02,152,9,상승,6
2022-02,152,10,사람,6
2022-02,152,11,고수,5
2022-02,152,12,알트,5
2022-02,152,13,시드,5
2022-02,152,14,하나,5
2022-02,152,15,호재,5
2022-02,152,16,여자,4
2022-02,152,17,무빙,4
2022-02,152,18,포지션,4
2022-02,152,19,너희,4
2022-02,152,20,소통,4
2022-03,155,1,피자,345
2022-03,155,2,청산,15
2022-03,155,3,러시아,12
2022-03,155,4,요피,11
2022-03,155,5,코인,10
2022-03,155,6,비트,9
2022-03,155,7,보고,7
2022-03,155,8,이평,7
2022-03,155,9,그녀,6
2022-03,155,10,포지션,6
2022-03,155,11,우크라이나,6
2022-03,155,12,추세,5
2022-03,155,13,게이,5
2022-03,155,14,수익,5
2022-03,155,15,라인,5
2022-03,155,16,매수,5
2022-03,155,17,자꾸,5
2022-03,155,18,저스틴,5
2022-03,155,19,한국,5
2022-03,155,20,news,5
2022-04,145,1,비트,18
2022-04,145,2,알트,12
2022-04,145,3,차트,10
2022-04,145,4,달러,10
2022-04,145,5,사람,8
2022-04,145,6,하락,7
2022-04,145,7,비트코인,7
2022-04,145,8,이유,6
2022-04,145,9,수익,6
2022-04,145,10,꼬리,6
2022-04,145,11,코인,6
2022-04,145,12,선물,6
2022-04,145,13,도미,5
2022-04,145,14,보고,5
2022-04,145,15,인생,5
2022-04,145,16,btc,5
2022-04,145,17,바닥,4
2022-04,145,18,빅쇼,4
2022-04,145,19,도지,4
2022-04,145,20,청산,4
2022-05,166,1,코인,22
2022-05,166,2,루나,20
2022-05,166,3,사람,17
2022-05,166,4,비트,13
2022-05,166,5,비트코인,10
2022-05,166,6,공포,9
2022-05,166,7,물개,8
2022-05,166,8,매수,6
2022-05,166,9,바닥,6
2022-05,166,10,보고,6
2022-05,166,11,한번,5
2022-05,166,12,세금,5
2022-05,166,13,인생,5
2022-05,166,14,청산,5
2022-05,166,15,차트,5
2022-05,166,16,지수,5
2022-05,166,17,극단,5
2022-05,166,18,이름,5
2022-05,166,19,베리,5
2022-05,166,20,달러,5
2022-06,159,1,선물,10
2022-06,159,2,비트,9
2022-06,159,3,지도,8
2022-06,159,4,루나,7
2022-06,159,5,청산,6
2022-06,159,6,저항,6
2022-06,159,7,코인,6
2022-06,159,8,물개,6
2022-06,159,9,차트,5
2022-06,159,10,역사,5
2022-06,159,11,우리,5
2022-06,159,12,도미,5
2022-06,159,13,간다,5
2022-06,159,14,관점,5
2022-06,159,15,하나,4
2022-06,159,16,추세,4
2022-06,159,17,라인,4
2022-06,159,18,평단,4
2022-06,159,19,소리,4
2022-06,159,20,조작,4
2022-07,82,1,시가,4
2022-07,82,2,나스닥,4
2022-07,82,3,위해,4
2022-07,82,4,매수,4
2022-07,82,5,쿨링,4
2022-07,82,6,한국,4
2022-07,82,7,피자,3
2022-07,82,8,갑자기,3
2022-07,82,9,비트,3
2022-07,82,10,프로,3
2022-07,82,11,비트코인,3
2022-07,82,12,차트,3
2022-07,82,13,고민,3
2022-07,82,14,질문,3
2022-07,82,15,분명,3
2022-07,82,16,사람,3
2022-07,82,17,공무원,3
2022-07,82,18,6시,3
2022-07,82,19,오프,3
2022-07,82,20,vs,3
2022-08,73,1,사람,11
2022-08,73,2,추세,9
2022-08,73,3,비트,7
2022-08,73,4,오랑,6
2022-08,73,5,코인,5
2022-08,73,6,하락,5
2022-08,73,7,차트,4
2022-08,73,8,상식,4
2022-08,73,9,얘기,4
2022-08,73,10,reserve,4
2022-08,73,11,강의,3
2022-08,73,12,포지션,3
2022-08,73,13,정리,3
2022-08,73,14,심리,3
2022-08,73,15,최씨,3
2022-08,73,16,하나,3
2022-08,73,17,무빙,3
2022-08,73,18,미국,3
2022-08,73,19,반등,3
2022-08,73,20,간다,3
2022-09,89,1,비트,10
2022-09,89,2,정신,4
2022-09,89,3,반등,4
2022-09,89,4,간다,4
2022-09,89,5,가격,3
2022-09,89,6,오랑,3
2022-09,89,7,게이,3
2022-09,89,8,씨드,3
2022-09,89,9,갑자기,3
2022-09,89,10,뿌러지,3
2022-09,89,11,선물,3
2022-09,89,12,루나,3
2022-09,89,13,코인,3
2022-09,89,14,한번,3
2022-09,89,15,알트,3
2022-09,89,16,보고,3
2022-09,89,17,아주머니,3
2022-09,89,18,reserve,3
2022-09,89,19,풀롱,2
2022-09,89,20,사진,2
2022-10,85,1,비트,5
2022-10,85,2,선물,3
2022-10,85,3,갈비,3
2022-10,85,4,보고,3
2022-10,85,5,나스닥,3
2022-10,85,6,시장,3
2022-10,85,7,상승,3
2022-10,85,8,리플,3
2022-10,85,9,반등,3
2022-10,85,10,주말,3
2022-10,85,11,슈발,3
2022-10,85,12,집중,3
2022-10,85,13,코인,2
2022-10,85,14,자신,2
2022-10,85,15,도지,2
2022-10,85,16,는걸,2
2022-10,85,17,궁딩,2
2022-10,85,18,김풍,2
2022-10,85,19,이격,2
2022-10,85,20,신뢰,2
2022-11,88,1,비트,8
2022-11,88,2,공익,4
2022-11,88,3,사람,4
2022-11,88,4,스탑,4
2022-11,88,5,알바,3
2022-11,88,6,코인,3
2022-11,88,7,청산,3
2022-11,88,8,반등,3
2022-11,88,9,ftx,3
2022-11,88,10,제외,2
2022-11,88,11,우리나라,2
2022-11,88,12,장족,2
2022-11,88,13,발전,2
2022-11,88,14,이해,2
2022-11,88,15,오우,2
2022-11,88,16,퇴근,2
2022-11,88,17,2.5,2
2022-11,88,18,하나,2
2022-11,88,19,관심,2
2022-11,88,20,미토,2
2022-12,89,1,청산,7
2022-12,89,2,차트,6
2022-12,89,3,종가,5
2022-12,89,4,캔들,5
2022-12,89,5,비트,5
2022-12,89,6,인생,5
2022-12,89,7,어머니,5
2022-12,89,8,오랑,4
2022-12,89,9,보고,4
2022-12,89,10,어디,4
2022-12,89,11,에드,3
2022-12,89,12,반대,3
2022-12,89,13,하락,3
2022-12,89,14,테슬라,3
2022-12,89,15,일단,3
2022-12,89,16,친구,3
2022-12,89,17,사실,3
2022-12,89,18,7월,3
2022-12,89,19,21일,3
2022-12,89,20,나라,3
2023-01,120,1,코인,11
2023-01,120,2,비트,8
2023-01,120,3,에드,7
2023-01,120,4,시드,7
2023-01,120,5,하나,5
2023-01,120,6,선물,4
2023-01,120,7,가격,4
2023-01,120,8,청산,4
2023-01,120,9,상승,4
2023-01,120,10,차트,4
2023-01,120,11,현물,4
2023-01,120,12,오랑,4
2023-01,120,13,라나,4
2023-01,120,14,토스,3
2023-01,120,15,거래,3
2023-01,120,16,평단,3
2023-01,120,17,사람,3
2023-01,120,18,여자,3
2023-01,120,19,나스닥,3
2023-01,120,20,방향,3
2023-02,115,1,사람,12
2023-02,115,2,친구,10
2023-02,115,3,비트,9
2023-02,115,4,코인,6
2023-02,115,5,하나,5
2023-02,115,6,보고,5
2023-02,115,7,슈발,5
2023-02,115,8,연락,5
2023-02,115,9,23k,5
2023-02,115,10,매수,4
2023-02,115,11,코트,4
2023-02,115,12,일단,4
2023-02,115,13,느낌,4
2023-02,115,14,무빙,4
2023-02,115,15,브라,4
2023-02,115,16,샤워,4
2023-02,115,17,달러,4
2023-02,115,18,남자,3
2023-02,115,19,1억,3
2023-02,115,20,어디,3
2023-03,102,1,자리,8
2023-03,102,2,비트,7
2023-03,102,3,풀롱,6
2023-03,102,4,매수,5
2023-03,102,5,손절,5
2023-03,102,6,스탑,4
2023-03,102,7,리플,4
2023-03,102,8,청산,4
2023-03,102,9,알트,4
2023-03,102,10,코인,3
2023-03,102,11,기세,3
2023-03,102,12,소액,3
2023-03,102,13,미국,3
2023-03,102,14,여자,3
2023-03,102,15,진입,3
2023-03,102,16,이번,3
2023-03,102,17,된거,3
2023-03,102,18,사람,3
2023-03,102,19,로스,3
2023-03,102,20,개미,3
2023-04,52,1,이기,7
2023-04,52,2,비트,6
2023-04,52,3,비트코인,6
2023-04,52,4,도지,4
2023-04,52,5,알트,3
2023-04,52,6,데이,3
2023-04,52,7,youtu,3
2023-04,52,8,be,3
2023-04,52,9,gpt3,3
2023-04,52,10,현물,2
2023-04,52,11,차트,2
2023-04,52,12,실적,2
2023-04,52,13,카드,2
2023-04,52,14,계좌,2
2023-04,52,15,화폐,2
2023-04,52,16,사람,2
2023-04,52,17,벤치,2
2023-04,52,18,기도,2
2023-04,52,19,로켓,2
2023-04,52,20,코인,2
2023-05,39,1,코인,11
2023-05,39,2,디폴트,4
2023-05,39,3,비트,3
2023-05,39,4,하원,3
2023-05,39,5,의장,3
2023-05,39,6,체인,3
2023-05,39,7,청산,3
2023-05,39,8,시장,3
2023-05,39,9,선물,3
2023-05,39,10,고배,3
2023-05,39,11,역시,2
2023-05,39,12,마인드,2
2023-05,39,13,무슬림,2
2023-05,39,14,나스닥,2
2023-05,39,15,폭동,2
2023-05,39,16,매카시,2
2023-05,39,17,니스,2
2023-05,39,18,화폐,2
2023-05,39,19,정보,2
2023-05,39,20,비트코인,2
2023-06,34,1,여자,14
2023-06,34,2,남자,8
2023-06,34,3,퐈이팅,7
2023-06,34,4,비트,6
2023-06,34,5,차트,4
2023-06,34,6,악마,4
2023-06,34,7,사랑,4
2023-06,34,8,부자,4
2023-06,34,9,btc,4
2023-06,34,10,알트,3
2023-06,34,11,존재,3
2023-06,34,12,금리,3
2023-06,34,13,양키,3
2023-06,34,14,관점,2
2023-06,34,15,코인,2
2023-06,34,16,다른,2
2023-06,34,17,분명,2
2023-06,34,18,신분증,2
2023-06,34,19,이용,2
2023-06,34,20,위해,2
2023-07,30,1,코인,4
2023-07,30,2,분석,4
2023-07,30,3,특정,3
2023-07,30,4,고래,3
2023-07,30,5,바이낸스,3
2023-07,30,6,출금,3
2023-07,30,7,유니,3
2023-07,30,8,스왑,3
2023-07,30,9,도파민,2
2023-07,30,10,팬티,2
2023-07,30,11,자살,2
2023-07,30,12,버드,2
2023-07,30,13,전자화폐,2
2023-07,30,14,방금,2
2023-07,30,15,마통,2
2023-07,30,16,금리,2
2023-07,30,17,알트,2
2023-07,30,18,$164만,2
2023-07,30,19,매도,2
2023-07,30,20,달러,2
2023-08,30,1,구간,4
2023-08,30,2,차트,4
2023-08,30,3,보고,4
2023-08,30,4,상승,3
2023-08,30,5,하나,3
2023-08,30,6,자주,3
2023-08,30,7,리플,3
2023-08,30,8,중독,3
2023-08,30,9,배율,3
2023-08,30,10,부모님,3
2023-08,30,11,중반,3
2023-08,30,12,진입,2
2023-08,30,13,모든,2
2023-08,30,14,비트코인,2
2023-08,30,15,이번,2
2023-08,30,16,갯수,2
2023-08,30,17,여자,2
2023-08,30,18,복사,2
2023-08,30,19,무도,2
2023-08,30,20,코인,2
2023-09,42,1,비트,4
2023-09,42,2,청산,3
2023-09,42,3,사람,3
2023-09,42,4,딸배,3
2023-09,42,5,왕자,3
2023-09,42,6,게임,3
2023-09,42,7,디시,2
2023-09,42,8,코인,2
2023-09,42,9,세금,2
2023-09,42,10,슈발,2
2023-09,42,11,페르시아,2
2023-09,42,12,데이,2
2023-09,42,13,세번,2
2023-09,42,14,현물,2
2023-09,42,15,빅쇼,2
2023-09,42,16,바카라,2
2023-09,42,17,매일,2
2023-09,42,18,dcinside,2
2023-09,42,19,신경,1
2023-09,42,20,시벌,1
2023-10,43,1,코인,5
2023-10,43,2,슈발,5
2023-10,43,3,차단,4
2023-10,43,4,오랑,4
2023-10,43,5,존예,3
2023-10,43,6,여신,3
2023-10,43,7,하나,3
2023-10,43,8,미주,3
2023-10,43,9,은호,3
2023-10,43,10,에드,2
2023-10,43,11,개미,2
2023-10,43,12,개월,2
2023-10,43,13,말랭이,2
2023-10,43,14,가능,2
2023-10,43,15,혼자,2
2023-10,43,16,훈수,2
2023-10,43,17,사람,2
2023-10,43,18,고민,2
2023-10,43,19,차트,2
2023-10,43,20,청산,2
2023-11,54,1,상승,4
2023-11,54,2,패턴,4
2023-11,54,3,피자,3
2023-11,54,4,비트,3
2023-11,54,5,친구,3
2023-11,54,6,모의투자,2
2023-11,54,7,방어,2
2023-11,54,8,사람,2
2023-11,54,9,추가,2
2023-11,54,10,크리스마스,2
2023-11,54,11,리움,2
2023-11,54,12,클래식,2
2023-11,54,13,채굴,2
2023-11,54,14,여자,2
2023-11,54,15,외모,2
2023-11,54,16,평균,2
2023-11,54,17,한남,2
2023-11,54,18,건가,2
2023-11,54,19,서머타임,2
2023-11,54,20,랜더,2
2023-12,78,1,코인,4
2023-12,78,2,비트,4
2023-12,78,3,12월,4
2023-12,78,4,10일,4
2023-12,78,5,피자,3
2023-12,78,6,한번,3
2023-12,78,7,크리스마스,3
2023-12,78,8,이평,3
2023-12,78,9,현재,3
2023-12,78,10,일봉,3
2023-12,78,11,대회,3
2023-12,78,12,나이,2
2023-12,78,13,차트,2
2023-12,78,14,말랭이,2
2023-12,78,15,하나,2
2023-12,78,16,레이,2
2023-12,78,17,어쩌,2
2023-12,78,18,지리,2
2023-12,78,19,패턴,2
2023-12,78,20,11일,2
2024-01,59,1,코인,6
2024-01,59,2,youtu,4
2024-01,59,3,be,4
2024-01,59,4,youtube,4
2024-01,59,5,비트,3
2024-01,59,6,고딩,3
2024-01,59,7,michael,3
2024-01,59,8,jackson,3
2024-01,59,9,is,3
2024-01,59,10,it,3
2024-01,59,11,scary,3
2024-01,59,12,music,3
2024-01,59,13,video,3
2024-01,59,14,월드,2
2024-01,59,15,라면,2
2024-01,59,16,스마,2
2024-01,59,17,추산,2
2024-01,59,18,이석우,2
2024-01,59,19,상장,2
2024-01,59,20,사람,2
2024-02,45,1,자산,30
2024-02,45,2,가상,23
2024-02,45,3,민주당,13
2024-02,45,4,거래,10
2024-02,45,5,제도,9
2024-02,45,6,토큰,8
2024-02,45,7,증권,8
2024-02,45,8,시장,8
2024-02,45,9,공약,7
2024-02,45,10,무한리필,7
2024-02,45,11,2월,6
2024-02,45,12,예정,6
2024-02,45,13,대한,6
2024-02,45,14,발표,6
2024-02,45,15,etf,6
2024-02,45,16,한도,5
2024-02,45,17,현물,5
2024-02,45,18,추진,5
2024-02,45,19,소득,5
2024-02,45,20,과세,5
2024-03,44,1,사람,8
2024-03,44,2,비트,6
2024-03,44,3,수익,4
2024-03,44,4,진입,3
2024-03,44,5,적극,3
2024-03,44,6,차트,3
2024-03,44,7,한번,3
2024-03,44,8,ai,3
2024-03,44,9,하나,2
2024-03,44,10,시드,2
2024-03,44,11,쉽사리,2
2024-03,44,12,이면,2
2024-03,44,13,역사,2
2024-03,44,14,비중,2
2024-03,44,15,쇄도,2
2024-03,44,16,테마,2
2024-03,44,17,알트,2
2024-03,44,18,개인,2
2024-03,44,19,공부,2
2024-03,44,20,여행,2
2024-04,55,1,여자,6
2024-04,55,2,보고,4
2024-04,55,3,youtu,4
2024-04,55,4,be,4
2024-04,55,5,이번,3
2024-04,55,6,대학가요제,3
2024-04,55,7,10년,3
2024-04,55,8,친구,3
2024-04,55,9,손절,3
2024-04,55,10,항상,2
2024-04,55,11,과연,2
2024-04,55,12,대부분,2
2024-04,55,13,방송,2
2024-04,55,14,대상,2
2024-04,55,15,변호사,2
2024-04,55,16,레전드,2
2024-04,55,17,게임,2
2024-04,55,18,차이,2
2024-04,55,19,날씨,2
2024-04,55,20,알트,2
2024-05,61,1,알트,5
2024-05,61,2,칼국수,4
2024-05,61,3,면발,3
2024-05,61,4,모니터링,3
2024-05,61,5,지주,3
2024-05,61,6,인생,3
2024-05,61,7,성심당,3
2024-05,61,8,코인,2
2024-05,61,9,육수,2
2024-05,61,10,맛없드,2
2024-05,61,11,간첩,2
2024-05,61,12,의심,2
2024-05,61,13,담배,2
2024-05,61,14,올해,2
2024-05,61,15,2년,2
2024-05,61,16,입원,2
2024-05,61,17,학교,2
2024-05,61,18,월급,2
2024-05,61,19,위험,2
2024-05,61,20,수당,2
2024-06,53,1,hozier,5
2024-06,53,2,to,5
2024-06,53,3,비트,4
2024-06,53,4,코인,3
2024-06,53,5,차트,3
2024-06,53,6,알트,3
2024-06,53,7,지로,3
2024-06,53,8,오히려,2
2024-06,53,9,느낌,2
2024-06,53,10,불고기,2
2024-06,53,11,버거,2
2024-06,53,12,크아,2
2024-06,53,13,케굴,2
2024-06,53,14,다오,2
2024-06,53,15,인생,2
2024-06,53,16,무죄,2
2024-06,53,17,의미,2
2024-06,53,18,가격,2
2024-06,53,19,하나,2
2024-06,53,20,돈좀,2
2024-07,59,1,알트,6
2024-07,59,2,사람,5
2024-07,59,3,딸라,4
2024-07,59,4,아마,4
2024-07,59,5,에혀,4
2024-07,59,6,이번,3
2024-07,59,7,갑자기,3
2024-07,59,8,비트,3
2024-07,59,9,자리,2
2024-07,59,10,사실,2
2024-07,59,11,타치,2
2024-07,59,12,반등,2
2024-07,59,13,하락,2
2024-07,59,14,1000억,2
2024-07,59,15,문신,2
2024-07,59,16,남자,2
2024-07,59,17,하나,2
2024-07,59,18,보고,2
2024-07,59,19,아내,2
2024-07,59,20,순풍,2
2024-08,50,1,월급,4
2024-08,50,2,아파트,3
2024-08,50,3,성형,3
2024-08,50,4,남성,3
2024-08,50,5,비트,3
2024-08,50,6,일당,2
2024-08,50,7,신축,2
2024-08,50,8,마련,2
2024-08,50,9,은신,2
2024-08,50,10,투자,2
2024-08,50,11,사기,2
2024-08,50,12,여친,2
2024-08,50,13,재산,2
2024-08,50,14,잠깐,2
2024-08,50,15,새벽,2
2024-08,50,16,달라,2
2024-08,50,17,함바,2
2024-08,50,18,병사,2
2024-08,50,19,하사,2
2024-08,50,20,youtu,2
2024-09,51,1,택시,6
2024-09,51,2,로보,4
2024-09,51,3,흑인,4
2024-09,51,4,코인,4
2024-09,51,5,추세,4
2024-09,51,6,비트,3
2024-09,51,7,일단,3
2024-09,51,8,셋스,3
2024-09,51,9,홈리스,3
2024-09,51,10,청산,3
2024-09,51,11,어차피,3
2024-09,51,12,준비,2
2024-09,51,13,선물,2
2024-09,51,14,공개,2
2024-09,51,15,의미,2
2024-09,51,16,천폭,2
2024-09,51,17,환경,2
2024-09,51,18,순간,2
2024-09,51,19,시위,2
2024-09,51,20,아무,2
2024-10,80,1,비트,6
2024-10,80,2,리프,4
2024-10,80,3,에드,4
2024-10,80,4,한국어,4
2024-10,80,5,이따,3
2024-10,80,6,축구,3
2024-10,80,7,하루,3
2024-10,80,8,원피스,3
2024-10,80,9,인기,3
2024-10,80,10,레이,3
2024-10,80,11,디오,3
2024-10,80,12,일본어,3
2024-10,80,13,사라,2
2024-10,80,14,누가,2
2024-10,80,15,커피,2
2024-10,80,16,담배,2
2024-10,80,17,그림,2
2024-10,80,18,욕심,2
2024-10,80,19,방송인,2
2024-10,80,20,유튜브,2
2024-11,70,1,비트,5
2024-11,70,2,확인,4
2024-11,70,3,어디,3
2024-11,70,4,100억,3
2024-11,70,5,섹스,3
2024-11,70,6,하이퍼,3
2024-11,70,7,리얼리즘,3
2024-11,70,8,다큐,3
2024-11,70,9,리플,3
2024-11,70,10,여자,2
2024-11,70,11,친구,2
2024-11,70,12,마사지,2
2024-11,70,13,선물,2
2024-11,70,14,이번,2
2024-11,70,15,주말,2
2024-11,70,16,간다,2
2024-11,70,17,수면,2
2024-11,70,18,차트,2
2024-11,70,19,스텔라,2
2024-11,70,20,설마,2
2024-12,83,1,비트,12
2024-12,83,2,사람,7
2024-12,83,3,코인,6
2024-12,83,4,한강,4
2024-12,83,5,방금,4
2024-12,83,6,하나,3
2024-12,83,7,알트,3
2024-12,83,8,청산,3
2024-12,83,9,퇴사,2
2024-12,83,10,안해,2
2024-12,83,11,하락,2
2024-12,83,12,어디,2
2024-12,83,13,말랭이,2
2024-12,83,14,식탁,2
2024-12,83,15,머리,2
2024-12,83,16,준비,2
2024-12,83,17,한번,2
2024-12,83,18,딸배,2
2024-12,83,19,아예,2
2024-12,83,20,이평,2
2025-01,93,1,베깅,52
2025-01,93,2,유우,26
2025-01,93,3,에드,5
2025-01,93,4,비트,4
2025-01,93,5,광고,4
2025-01,93,6,코인,4
2025-01,93,7,youtu,4
2025-01,93,8,be,4
2025-01,93,9,가격,3
2025-01,93,10,이유,3
2025-01,93,11,선포,3
2025-01,93,12,쿼크,3
2025-01,93,13,si,3
2025-01,93,14,아무,2
2025-01,93,15,말랭이,2
2025-01,93,16,이번,2
2025-01,93,17,다른,2
2025-01,93,18,사용,2
2025-01,93,19,무료,2
2025-01,93,20,애플,2
2025-02,62,1,하이퍼,5
2025-02,62,2,리얼리즘,5
2025-02,62,3,다큐,5
2025-02,62,4,집안,5
2025-02,62,5,사람,4
2025-02,62,6,출근,3
2025-02,62,7,에드,3
2025-02,62,8,차트,3
2025-02,62,9,로또,3
2025-02,62,10,나라,3
2025-02,62,11,참치,3
2025-02,62,12,허세,3
2025-02,62,13,계정,2
2025-02,62,14,전부,2
2025-02,62,15,째즈,2
2025-02,62,16,비트,2
2025-02,62,17,청산,2
2025-02,62,18,은율,2
2025-02,62,19,3월,2
2025-02,62,20,개시,2
2025-03,50,1,비트,17
2025-03,50,2,트럼프,5
2025-03,50,3,잘못,4
2025-03,50,4,코인,4
2025-03,50,5,평단,4
2025-03,50,6,마스,4
2025-03,50,7,수익,3
2025-03,50,8,사과,3
2025-03,50,9,자기,3
2025-03,50,10,대해,3
2025-03,50,11,알트,3
2025-03,50,12,66000달러,3
2025-03,50,13,50만,3
2025-03,50,14,시장,3
2025-03,50,15,승률,3
2025-03,50,16,youtu,3
2025-03,50,17,be,3
2025-03,50,18,unofficialboyy,3
2025-03,50,19,공식,2
2025-03,50,20,슬립,2
2025-04,37,1,최고,4
2025-04,37,2,계란,4
2025-04,37,3,가격,4
2025-04,37,4,말랭이,3
2025-04,37,5,미국,3
2025-04,37,6,간다,2
2025-04,37,7,보지,2
2025-04,37,8,사람,2
2025-04,37,9,사상,2
2025-04,37,10,경신,2
2025-04,37,11,상승,2
2025-04,37,12,중국인,2
2025-04,37,13,갤러리,2
2025-04,37,14,gall,2
2025-04,37,15,dcinside,2
2025-04,37,16,gme,2
2025-04,37,17,eth,2
2025-04,37,18,이번,1
2025-04,37,19,숏충,1
2025-04,37,20,안락사,1
